-- phpMyAdmin SQL Dump
-- version 5.2.0
-- https://www.phpmyadmin.net/
--
-- Host: 127.0.0.1
-- Generation Time: Nov 19, 2022 at 08:10 AM
-- Server version: 10.4.25-MariaDB
-- PHP Version: 8.1.10

SET SQL_MODE = "NO_AUTO_VALUE_ON_ZERO";
START TRANSACTION;
SET time_zone = "+00:00";


/*!40101 SET @OLD_CHARACTER_SET_CLIENT=@@CHARACTER_SET_CLIENT */;
/*!40101 SET @OLD_CHARACTER_SET_RESULTS=@@CHARACTER_SET_RESULTS */;
/*!40101 SET @OLD_COLLATION_CONNECTION=@@COLLATION_CONNECTION */;
/*!40101 SET NAMES utf8mb4 */;

--
-- Database: `pharmaciemarket3`
--

-- --------------------------------------------------------

--
-- Table structure for table `fournisseur`
--

CREATE TABLE `fournisseur` (
  `id` int(20) NOT NULL,
  `nom` varchar(20) DEFAULT NULL,
  `email` varchar(20) DEFAULT NULL,
  `tel` varchar(20) DEFAULT NULL
) ENGINE=InnoDB DEFAULT CHARSET=utf8mb4;

--
-- Dumping data for table `fournisseur`
--

INSERT INTO `fournisseur` (`id`, `nom`, `email`, `tel`) VALUES
(1, 'Ingrid Holt', 'Ira Mcguire', 'Hollee Herring'),
(2, 'd', 'f', 'd'),
(3, 'Gretchen Collins', 'Cythia Dillon', 'Peter Petersen'),
(4, 'Hoyt Buckley', 'Hope Donaldson', 'Isaac Holcomb'),
(5, 'Britanni Cameron', 'Jennifer Peterson', 'Arsenio Greer'),
(6, 'Troy Bray', 'Ori Barnett', 'Cameron Porter'),
(7, 'Erin Rollins', 'Kennan Conway', 'Jescie Hicks'),
(8, 'Rhiannon Mckay', 'Francis Mcconnell', 'Marvin Norman'),
(9, 'Nichole Curtis', 'Indigo Cain', 'Timothy Best'),
(10, 'Darius Davis', 'Travis Pitts', 'Ishmael Ruiz'),
(11, 'Melanie Beach', 'Tad Buchanan', 'Lawrence Warren'),
(12, 'Melinda Pugh', 'Cyrus Burton', 'Cain Potts'),
(13, 'Kieran Higgins', 'Stephen Roman', 'Mariam Stokes'),
(14, 'Phillip Hines', 'Eaton Kinney', 'Delilah Marsh'),
(15, 'Daniel Gutierrez', 'Mason Frederick', 'Sawyer Chavez'),
(16, 'Allistair Alvarez', 'Karina Leblanc', 'Paul Acevedo'),
(17, 'Kevyn Lambert', 'Tamekah Rivera', 'Quinlan Evans'),
(18, 'Heidi Wilkinson', 'Diana Lambert', 'Irma Castro'),
(19, 'Ferris Morse', 'Yoshi Benton', 'Gillian Colon'),
(20, 'Levi Crane', 'Asher Butler', 'Natalie Meyers'),
(21, 'Hashim Austin', 'Carter Hood', 'Roth House'),
(22, 'Larissa Graves', 'Catherine Hickman', 'Clio Odom'),
(23, 'Leroy Morrison', 'Elvis Serrano', 'Hamilton Moses'),
(24, 'Melinda Wyatt', 'Medge Ratliff', 'Zenia Haney'),
(25, 'Jocelyn Doyle', 'Elmo Bray', 'Marcia Mayo'),
(26, 'Xavier Porter', 'Vera Parrish', 'Merritt Roman'),
(27, 'Mark Maldonado', 'Teegan Bridges', 'Chancellor Glover'),
(28, 'Joan Reed', 'Raya Byers', 'Hu Branch'),
(29, 'Colleen Perry', 'Hadassah Black', 'Nerea Mccray'),
(30, 'Marny Rocha', 'Griffin Morin', 'Anthony Stevenson'),
(31, 'Ora Kirkland', 'Herrod Norton', 'Acton Hunt'),
(32, 'Tanisha Deleon', 'Anne Roy', 'Julie Mason'),
(33, 'Deirdre Alford', 'Fatima Calderon', 'Irma Powell'),
(34, 'Felix Bruce', 'Quemby Holman', 'Teegan Whitaker'),
(35, 'Knox Roberts', 'Rigel Mcguire', 'Wynter Copeland'),
(36, 'Kylie Crosby', 'Vivien Cobb', 'Madison Charles'),
(37, 'Wayne Campbell', 'Destiny Snyder', 'Grant Austin'),
(38, 'Jack Gregory', 'Tanek Vazquez', 'Abra Pitts'),
(39, 'Echo Tyler', 'Judith Sears', 'Ignatius Church'),
(40, 'Kimberley Sosa', 'Reagan Cantrell', 'Kermit Bridges'),
(41, 'Gavin Head', 'Stephen Puckett', 'Xantha Thompson'),
(42, 'Jerome Hoffman', 'Eaton Caldwell', 'Roth Harper'),
(43, 'Basia Noble', 'Forrest Caldwell', 'Orson Norman'),
(44, 'Evelyn Golden', 'Otto Downs', 'Travis Richardson'),
(45, 'Inez Trujillo', 'Clare Cochran', 'Maile Dotson'),
(46, 'Lunea Murray', 'Sasha Holland', 'Abra Foreman'),
(47, 'Michelle Orr', 'Hadley Michael', 'Lester Montoya'),
(48, 'Abbot Cantrell', 'Debra Whitaker', 'Walter Hyde'),
(49, 'Regina Rutledge', 'Desiree Pittman', 'Clarke Warren'),
(50, 'Kelsey Gardner', 'Rachel Calhoun', 'Nita Hendricks'),
(51, 'Vladimir Stone', 'Kato Hoffman', 'Skyler Winters'),
(52, 'Lareina Gray', 'Rhonda Grant', 'Nero Ford'),
(53, 'Rachel Jimenez', 'Hakeem Reed', 'Fuller Riley'),
(54, 'Evelyn Vance', 'Tate Cannon', 'Neville Wilkerson'),
(55, 'Hedley Lopez', 'Echo Byrd', 'Glenna Hyde'),
(56, 'Zane Perkins', 'Harlan Grant', 'Amery Mccoy'),
(57, 'Robert Golden', 'Aladdin Burnett', 'Joel Nunez'),
(58, 'Minerva Rodgers', 'Rogan Franks', 'Burton Sullivan'),
(59, 'Carol Newman', 'Christopher Stanton', 'Lars Albert'),
(60, 'Cadman Faulkner', 'Honorato Casey', 'Wallace Burt'),
(61, 'Walker Cook', 'Deborah Gomez', 'Hedwig Beard'),
(62, 'Autumn Bentley', 'Melinda Rose', 'Odette Reed'),
(63, 'Quinn Forbes', 'Quinlan Justice', 'Mikayla Bass'),
(64, 'Shay Caldwell', 'Sean Cain', 'Desirae Buckley'),
(65, 'Elton Conner', 'Maggie Paul', 'Basil Lambert'),
(66, 'Lev Henry', 'Carla David', 'Talon Anderson'),
(67, 'Benjamin Bullock', 'Alec Vasquez', 'Ulysses Santana'),
(68, 'Zachery Dudley', 'Kitra Pierce', 'Thomas Morrison'),
(69, 'Amelia Lester', 'Adara Kemp', 'Chancellor Ortega'),
(70, 'Emerald Hill', 'Amena Molina', 'Anastasia Vazquez'),
(71, 'April Mercado', 'Emma Gates', 'Matthew Clark'),
(72, 'Urielle Sandoval', 'Jamal Mcclain', 'Plato Stout'),
(73, 'Imogene Haney', 'Harrison Hartman', 'Michael Reynolds'),
(74, 'Tyrone Dillon', 'Tasha Donaldson', 'Sybill Wise'),
(75, 'Lara Richards', 'Colin Lamb', 'Skyler Walker'),
(76, 'Chase Buck', 'Daquan Melton', 'Thane Sutton'),
(77, 'Trevor Salazar', 'Callum Perry', 'Susan Payne'),
(78, 'Macaulay Blankenship', 'Neve Pena', 'Chandler Figueroa'),
(79, 'Keely Oliver', 'Declan Rivers', 'Odysseus Hammond'),
(80, 'Carissa Barton', 'Hop Burris', 'Rhea Le'),
(81, 'Breanna Fuentes', 'Hyacinth Hamilton', 'Melvin Shepherd'),
(82, 'Daria Fischer', 'Katelyn Acosta', 'Cooper Copeland'),
(83, 'Harper Reid', 'Keaton Delgado', 'Quinn Barr'),
(84, 'Ivana Duncan', 'Cassady Gibson', 'Janna King'),
(85, 'Macon Caldwell', 'Coby Mendez', 'Zoe Sosa'),
(86, 'Xanthus Potts', 'Cheryl Phelps', 'Wilma Morrow'),
(87, 'Alyssa Dominguez', 'Craig Everett', 'Karleigh Logan'),
(88, 'Oscar Morse', 'Hilda Hicks', 'Skyler Thornton'),
(89, 'Chanda Chapman', 'Ross Salinas', 'Mufutau Rollins'),
(90, 'Gray Hurst', 'Ramona Stevens', 'Dillon Dalton'),
(91, 'Ivory Thompson', 'Jared Rose', 'Paul Compton'),
(92, 'Damian Burke', 'Talon Brewer', 'Bruno Watson'),
(93, 'Shay Cooley', 'Alfonso Mcdowell', 'Dorian Harrington'),
(94, 'Astra Holcomb', 'Darryl Robbins', 'Quentin Herring'),
(95, 'Steel Howell', 'Maxwell Farley', 'Danielle Randall'),
(96, 'Regina Hebert', 'Leroy Gilbert', 'Rajah Kennedy'),
(97, 'Warren Cameron', 'Evan Patton', 'Caesar Russell'),
(98, 'Summer Browning', 'Octavia Sampson', 'Carissa Hale'),
(99, 'Angelica Villarreal', 'Cailin Lindsey', 'Kylie Sweeney'),
(100, 'Dexter Kemp', 'Darryl Finley', 'Jane Bates'),
(101, 'Ingrid Holt', 'Ira Mcguire', 'Hollee Herring'),
(102, 'Quinn Christensen', 'Paula Blevins', 'Marny Roy'),
(103, 'Gretchen Collins', 'Cynthia Dillon', 'Peter Petersen'),
(104, 'Hoyt Buckley', 'Hope Donaldson', 'Isaac Holcomb'),
(105, 'Britanni Cameron', 'Jennifer Peterson', 'Arsenio Greer'),
(106, 'Troy Bray', 'Ori Barnett', 'Cameron Porter'),
(107, 'Erin Rollins', 'Kennan Conway', 'Jescie Hicks'),
(108, 'Rhiannon Mckay', 'Francis Mcconnell', 'Marvin Norman'),
(109, 'Nichole Curtis', 'Indigo Cain', 'Timothy Best'),
(110, 'Darius Davis', 'Travis Pitts', 'Ishmael Ruiz'),
(111, 'Melanie Beach', 'Tad Buchanan', 'Lawrence Warren'),
(112, 'Melinda Pugh', 'Cyrus Burton', 'Cain Potts'),
(113, 'Kieran Higgins', 'Stephen Roman', 'Mariam Stokes'),
(114, 'Phillip Hines', 'Eaton Kinney', 'Delilah Marsh'),
(115, 'Daniel Gutierrez', 'Mason Frederick', 'Sawyer Chavez'),
(116, 'Allistair Alvarez', 'Karina Leblanc', 'Paul Acevedo'),
(117, 'Kevyn Lambert', 'Tamekah Rivera', 'Quinlan Evans'),
(118, 'Heidi Wilkinson', 'Diana Lambert', 'Irma Castro'),
(119, 'Ferris Morse', 'Yoshi Benton', 'Gillian Colon'),
(120, 'Levi Crane', 'Asher Butler', 'Natalie Meyers'),
(121, 'Hashim Austin', 'Carter Hood', 'Roth House'),
(122, 'Larissa Graves', 'Catherine Hickman', 'Clio Odom'),
(123, 'Leroy Morrison', 'Elvis Serrano', 'Hamilton Moses'),
(124, 'Melinda Wyatt', 'Medge Ratliff', 'Zenia Haney'),
(125, 'Jocelyn Doyle', 'Elmo Bray', 'Marcia Mayo'),
(126, 'Xavier Porter', 'Vera Parrish', 'Merritt Roman'),
(127, 'Mark Maldonado', 'Teegan Bridges', 'Chancellor Glover'),
(128, 'Joan Reed', 'Raya Byers', 'Hu Branch'),
(129, 'Colleen Perry', 'Hadassah Black', 'Nerea Mccray'),
(130, 'Marny Rocha', 'Griffin Morin', 'Anthony Stevenson'),
(131, 'Ora Kirkland', 'Herrod Norton', 'Acton Hunt'),
(132, 'Tanisha Deleon', 'Anne Roy', 'Julie Mason'),
(133, 'Deirdre Alford', 'Fatima Calderon', 'Irma Powell'),
(134, 'Felix Bruce', 'Quemby Holman', 'Teegan Whitaker'),
(135, 'Knox Roberts', 'Rigel Mcguire', 'Wynter Copeland'),
(136, 'Kylie Crosby', 'Vivien Cobb', 'Madison Charles'),
(137, 'Wayne Campbell', 'Destiny Snyder', 'Grant Austin'),
(138, 'Jack Gregory', 'Tanek Vazquez', 'Abra Pitts'),
(139, 'Echo Tyler', 'Judith Sears', 'Ignatius Church'),
(140, 'Kimberley Sosa', 'Reagan Cantrell', 'Kermit Bridges'),
(141, 'Gavin Head', 'Stephen Puckett', 'Xantha Thompson'),
(142, 'Jerome Hoffman', 'Eaton Caldwell', 'Roth Harper'),
(143, 'Basia Noble', 'Forrest Caldwell', 'Orson Norman'),
(144, 'Evelyn Golden', 'Otto Downs', 'Travis Richardson'),
(145, 'Inez Trujillo', 'Clare Cochran', 'Maile Dotson'),
(146, 'Lunea Murray', 'Sasha Holland', 'Abra Foreman'),
(147, 'Michelle Orr', 'Hadley Michael', 'Lester Montoya'),
(148, 'Abbot Cantrell', 'Debra Whitaker', 'Walter Hyde'),
(149, 'Regina Rutledge', 'Desiree Pittman', 'Clarke Warren'),
(150, 'Kelsey Gardner', 'Rachel Calhoun', 'Nita Hendricks'),
(151, 'Vladimir Stone', 'Kato Hoffman', 'Skyler Winters'),
(152, 'Lareina Gray', 'Rhonda Grant', 'Nero Ford'),
(153, 'Rachel Jimenez', 'Hakeem Reed', 'Fuller Riley'),
(154, 'Evelyn Vance', 'Tate Cannon', 'Neville Wilkerson'),
(155, 'Hedley Lopez', 'Echo Byrd', 'Glenna Hyde'),
(156, 'Zane Perkins', 'Harlan Grant', 'Amery Mccoy'),
(157, 'Robert Golden', 'Aladdin Burnett', 'Joel Nunez'),
(158, 'Minerva Rodgers', 'Rogan Franks', 'Burton Sullivan'),
(159, 'Carol Newman', 'Christopher Stanton', 'Lars Albert'),
(160, 'Cadman Faulkner', 'Honorato Casey', 'Wallace Burt'),
(161, 'Walker Cook', 'Deborah Gomez', 'Hedwig Beard'),
(162, 'Autumn Bentley', 'Melinda Rose', 'Odette Reed'),
(163, 'Quinn Forbes', 'Quinlan Justice', 'Mikayla Bass'),
(164, 'Shay Caldwell', 'Sean Cain', 'Desirae Buckley'),
(165, 'Elton Conner', 'Maggie Paul', 'Basil Lambert'),
(166, 'Lev Henry', 'Carla David', 'Talon Anderson'),
(167, 'Benjamin Bullock', 'Alec Vasquez', 'Ulysses Santana'),
(168, 'Zachery Dudley', 'Kitra Pierce', 'Thomas Morrison'),
(169, 'Amelia Lester', 'Adara Kemp', 'Chancellor Ortega'),
(170, 'Emerald Hill', 'Amena Molina', 'Anastasia Vazquez'),
(171, 'April Mercado', 'Emma Gates', 'Matthew Clark'),
(172, 'Urielle Sandoval', 'Jamal Mcclain', 'Plato Stout'),
(173, 'Imogene Haney', 'Harrison Hartman', 'Michael Reynolds'),
(174, 'Tyrone Dillon', 'Tasha Donaldson', 'Sybill Wise'),
(175, 'Lara Richards', 'Colin Lamb', 'Skyler Walker'),
(176, 'Chase Buck', 'Daquan Melton', 'Thane Sutton'),
(177, 'Trevor Salazar', 'Callum Perry', 'Susan Payne'),
(178, 'Macaulay Blankenship', 'Neve Pena', 'Chandler Figueroa'),
(179, 'Keely Oliver', 'Declan Rivers', 'Odysseus Hammond'),
(180, 'Carissa Barton', 'Hop Burris', 'Rhea Le'),
(181, 'Breanna Fuentes', 'Hyacinth Hamilton', 'Melvin Shepherd'),
(182, 'Daria Fischer', 'Katelyn Acosta', 'Cooper Copeland'),
(183, 'Harper Reid', 'Keaton Delgado', 'Quinn Barr'),
(184, 'Ivana Duncan', 'Cassady Gibson', 'Janna King'),
(185, 'Macon Caldwell', 'Coby Mendez', 'Zoe Sosa'),
(186, 'Xanthus Potts', 'Cheryl Phelps', 'Wilma Morrow'),
(187, 'Alyssa Dominguez', 'Craig Everett', 'Karleigh Logan'),
(188, 'Oscar Morse', 'Hilda Hicks', 'Skyler Thornton'),
(189, 'Chanda Chapman', 'Ross Salinas', 'Mufutau Rollins'),
(190, 'Gray Hurst', 'Ramona Stevens', 'Dillon Dalton'),
(191, 'Ivory Thompson', 'Jared Rose', 'Paul Compton'),
(192, 'Damian Burke', 'Talon Brewer', 'Bruno Watson'),
(193, 'Shay Cooley', 'Alfonso Mcdowell', 'Dorian Harrington'),
(194, 'Astra Holcomb', 'Darryl Robbins', 'Quentin Herring'),
(195, 'Steel Howell', 'Maxwell Farley', 'Danielle Randall'),
(196, 'Regina Hebert', 'Leroy Gilbert', 'Rajah Kennedy'),
(197, 'Warren Cameron', 'Evan Patton', 'Caesar Russell'),
(198, 'Summer Browning', 'Octavia Sampson', 'Carissa Hale'),
(199, 'Angelica Villarreal', 'Cailin Lindsey', 'Kylie Sweeney'),
(200, 'Dexter Kemp', 'Darryl Finley', 'Jane Bates'),
(201, 'ella', 'm', 'xxx'),
(202, '', '', ''),
(203, '', '', ''),
(204, '', '', '');

-- --------------------------------------------------------

--
-- Table structure for table `inventaire`
--

CREATE TABLE `inventaire` (
  `dci` varchar(255) DEFAULT NULL,
  `dosage` varchar(255) DEFAULT NULL,
  `qte_vente` int(55) DEFAULT NULL,
  `prix` int(55) DEFAULT NULL,
  `numero_lot` bigint(255) DEFAULT NULL,
  `date_v` date DEFAULT current_timestamp(),
  `heure` time DEFAULT current_timestamp(),
  `id_vente` int(11) NOT NULL
) ENGINE=InnoDB DEFAULT CHARSET=utf8mb4;

--
-- Dumping data for table `inventaire`
--

INSERT INTO `inventaire` (`dci`, `dosage`, `qte_vente`, `prix`, `numero_lot`, `date_v`, `heure`, `id_vente`) VALUES
('paracetamol', '2mg', 1, 2000, 15, '2022-11-18', '08:10:20', 0),
('anti-palu ', '5mg', 12, 2000, 21, '2022-11-18', '08:25:35', 1),
('paracetamol', '2mg', 15, 2000, 15, '2022-11-18', '08:25:35', 1),
('paracetamol', '2mg', 4, 2000, 15, '2022-10-08', '00:00:00', 3),
('paracetamol', '2mg', 4, 2000, 15, '2022-10-08', '00:00:00', 3),
('anti-palu ', '5mg', 14, 2000, 21, '2022-11-18', '11:56:13', 4),
('anti-palu ', '5mg', 100, 2000, 21, '2022-11-18', '12:00:36', 5),
('Acton Garcia', 'David Gill', 13, 0, 2, '2022-11-18', '18:35:33', 6),
('Acton Garcia', 'David Gill', 1, 0, 14, '2022-11-18', '18:37:34', 7),
('paracetamol', '2mg', 1, 2000, 15, '2022-11-18', '19:07:31', 8),
('anti-palu ', '5mg', 14, 2000, 21, '2022-11-18', '19:15:44', 9),
('paracetamol', '2mg', 1, 2000, 15, '2022-11-19', '01:34:40', 10),
('paracetamol', '2mg', 1, 2000, 15, '2022-11-19', '01:35:26', 11),
('paracetamol', '2mg', 1, 2000, 15, '2022-11-19', '01:43:22', 12),
('paracetamol', '2mg', 1, 2000, 15, '2022-11-19', '01:44:00', 13),
('paracetamol', '2mg', 1, 2000, 15, '2022-11-19', '01:45:42', 14),
('paracetamol', '2mg', 1, 2000, 15, '2022-11-19', '01:53:38', 15),
('paracetamol', '2mg', 1, 2000, 15, '2022-11-19', '01:55:01', 16),
('paracetamol', '2mg', 1, 2000, 15, '2022-11-19', '01:57:14', 17),
('paracetamol', '2mg', 1, 2000, 15, '2022-11-19', '02:08:17', 18),
('anti-palu ', '5mg', 12, 2000, 21, '2022-11-19', '02:08:18', 18),
('paracetamol', '2mg', 1, 2000, 15, '2022-11-19', '02:10:43', 19),
('anti-palu ', '5mg', 1, 2000, 21, '2022-11-19', '02:10:43', 19),
('paracetamol', '2mg', 1, 2000, 15, '2022-11-19', '02:15:45', 20),
('paracetamol', '2mg', 1, 2000, 15, '2022-11-19', '02:19:21', 21),
('anti-palu ', '5mg', 1, 2000, 21, '2022-11-19', '02:21:41', 22),
('paracetamol', '2mg', 1, 2000, 15, '2022-11-19', '02:21:42', 22),
('anti-palu ', '5mg', 1, 2000, 21, '2022-11-19', '02:25:36', 23),
('paracetamol', '2mg', 1, 2000, 15, '2022-11-19', '02:25:37', 23),
('anti-palu ', '5mg', 1, 2000, 21, '2022-11-19', '02:27:50', 24),
('paracetamol', '2mg', 1, 2000, 15, '2022-11-19', '02:27:50', 24);

-- --------------------------------------------------------

--
-- Table structure for table `lot`
--

CREATE TABLE `lot` (
  `num` bigint(70) NOT NULL,
  `dci` varchar(30) DEFAULT NULL,
  `dosage` varchar(30) DEFAULT NULL,
  `fournisseur` int(30) DEFAULT NULL,
  `qte_liv` int(20) DEFAULT NULL,
  `qte_stock` int(20) DEFAULT NULL,
  `date_liv` date DEFAULT current_timestamp(),
  `date_perem` date DEFAULT NULL,
  `prix_achat` int(11) NOT NULL
) ENGINE=InnoDB DEFAULT CHARSET=utf8mb4;

--
-- Dumping data for table `lot`
--

INSERT INTO `lot` (`num`, `dci`, `dosage`, `fournisseur`, `qte_liv`, `qte_stock`, `date_liv`, `date_perem`, `prix_achat`) VALUES
(2, 'Acton Garcia', 'David Gill', 9, 3, -9, '2022-11-14', '3922-12-16', 4),
(3, 'Acton Garcia', 'David Gill', 9, 3, -11, '2022-11-16', '1930-06-14', 4),
(4, 'Alana Ortiz', 'Carson Dal', 9, 3, 4, '2022-11-16', '3922-12-25', 4),
(5, 'Adrienne Webb', 'Lesley Cle', 9, 3, -139, '2022-11-16', '3922-02-07', 4),
(6, 'Adrienne Webb', 'Lesley Cle', 9, 35, -8, '2022-11-16', '3922-02-07', 4),
(7, 'Abigail Marks', 'Laura Burn', 9, 3, 4, '2022-11-16', '2023-01-11', 4),
(8, 'Alana Delaney', 'Alexandra ', 2, 36, 4, '2022-11-16', '2022-11-16', 4),
(13, 'Alana Ortiz', 'Carson Dal', 9, 3, 4, '2022-11-17', '2023-11-10', 2),
(14, 'Acton Garcia', 'David Gill', 9, 43, 3, '2022-11-17', '2022-11-25', 2),
(15, 'paracetamol', '2mg', 9, 356, 287, '2022-11-17', '2030-11-10', 25000),
(16, 'Adrienne Webb', 'Lesley Cle', 3, 4, -10, '2022-11-17', '2022-11-13', 2),
(18, 'Aladdin Hughes', 'Ima Lynn', 9, 35, 35, '2022-11-17', '2022-11-18', 290),
(20, 'paracetamol', '2mg', 9, 3000, -9, '2022-11-17', '2022-11-12', 2),
(21, 'anti-palu ', '5mg', 4, 389, 233, '2022-11-18', '2023-11-12', 2);

-- --------------------------------------------------------

--
-- Table structure for table `medicament`
--

CREATE TABLE `medicament` (
  `dci` varchar(30) NOT NULL,
  `prix_vente` int(9) DEFAULT NULL,
  `forme` varchar(15) DEFAULT NULL,
  `dosage` varchar(10) NOT NULL,
  `qte_seuil` int(4) DEFAULT NULL,
  `groupe` varchar(20) DEFAULT NULL,
  `libelle` text DEFAULT NULL,
  `image` varchar(255) DEFAULT NULL,
  `qte_stock` int(11) NOT NULL
) ENGINE=InnoDB DEFAULT CHARSET=utf8mb4;

--
-- Dumping data for table `medicament`
--

INSERT INTO `medicament` (`dci`, `prix_vente`, `forme`, `dosage`, `qte_seuil`, `groupe`, `libelle`, `image`, `qte_stock`) VALUES
('Abigail Marks', 0, 'Todd Mathews', 'Laura Burn', 5, 'Tashya Avery', 'Gannon Serrano', 'Naida Quinn', 0),
('Acton Garcia', 0, 'Alisa Michael', 'David Gill', 4, 'Elaine Nelson', 'Lee Mueller', 'C:/Users/ZEUKENG FLORENT/Desktop/projet/eclipse-workspace/projetPharma/src/image/Russell Velazquez', 14),
('Adrienne Webb', 0, 'Yasir Weber', 'Lesley Cle', 6, 'Sean Leon', 'Louis Hunter', 'Avram Patton', 209),
('Aladdin Hughes', 0, 'Clare Sherman', 'Ima Lynn', 2, 'Julie Fry', 'Todd Wooten', 'C:/Users/ZEUKENG FLORENT/Desktop/projet/eclipse-workspace/projetPharma/src/image/Colt Cotton', 19),
('Alana Delaney', 0, 'Ivana Olsen', 'Alexandra ', 3, 'Charles Fisher', 'Alan Williams', 'Rashad Shepard', 0),
('Alana Ortiz', 0, 'Charles Peterso', 'Carson Dal', 4, 'Keely Ingram', 'Cody Galloway', 'C:/Users/ZEUKENG FLORENT/Desktop/projet/eclipse-workspace/projetPharma/src/image/Aristotle Silva', 2),
('Alfonso Myers', 0, 'Allistair Brady', 'Jocelyn Wo', 9, 'Nasim Bird', 'Benjamin Valdez', 'Baker Cabrera', 0),
('Alika Malone', 0, 'Anthony Pace', 'Lysandra A', 1, 'Oscar Johnston', 'Pandora Fischer', 'Jescie Kirby', 0),
('Allegra Petersen', 0, 'Fredericka Boyl', 'Emerald Ag', 1, 'Dexter Hurley', 'Anika Potts', 'Jamalia Crawford', 0),
('Allegra Riggs', 0, 'Sybil Molina', 'Farrah Dec', 0, 'Salvador Atkinson', 'Nerea Cleveland', 'Delilah Evans', 0),
('Althea Sherman', 0, 'Gannon Fry', 'Jonah Garr', 5, 'Cara Kim', 'Leo Cannon', 'Carly Huffman', 0),
('Alvin Barrett', 0, 'Teagan Morrow', 'Eric Hanso', 9, 'Jorden Hebert', 'Keith Dale', 'Sharon Rosales', 0),
('Amela Frazier', 0, 'Shea Wilkinson', 'Ariana For', 9, 'Olympia Harrison', 'Malachi Zamora', 'William Meadows', 0),
('Amethyst Cotton', 0, 'Lila Landry', 'Portia Lee', 5, 'Marny Montgomery', 'Nasim Albert', 'Steel Mcintyre', 0),
('Amethyst Thompson', 0, 'Margaret Todd', 'Chelsea Mc', 2, 'Flavia Bishop', 'Pascale Salazar', 'Vivien Potter', 0),
('Amity Cole', 0, 'Yoko Ochoa', 'Tamekah Bu', 2, 'Portia Lott', 'Barry Avila', 'Ryder Mcneil', 0),
('Amity Hickman', 0, 'Salvador Robbin', 'Sophia Pea', 0, 'Martina Whitfield', 'Rhona Hubbard', 'Sydney Reese', 0),
('Amos Crawford', 0, 'Kyle Holland', 'Fiona Meji', 1, 'Carl Bates', 'Evan Mccall', 'Stacey Velasquez', 0),
('Amos Dudley', 0, 'Steel Mathews', 'Angelica D', 9, 'Mark Warner', 'Anthony Humphrey', 'Todd Patterson', 0),
('Andrew Figueroa', 0, 'Zachary Guthrie', 'Wyoming Ca', 1, 'Nolan Barr', 'Dara Alford', 'Brooke Oliver', 0),
('Andrew Irwin', 0, 'Paloma Stark', 'Erica Berg', 6, 'Xander Foley', 'Clinton Bailey', 'Deanna Mcfarland', 0),
('Angela Mejia', 0, 'Dean Vazquez', 'Christophe', 8, 'Jack Chambers', 'Dana Garrett', 'Emery Rosales', 0),
('Angela Sheppard', 0, 'Shelby Gates', 'Ferdinand ', 3, 'Azalia Puckett', 'Reed Lowery', 'Wing Osborne', 0),
('Ann Key', 0, 'Arden Ball', 'Gay Roth', 6, 'Hammett Chan', 'Kirby Dixon', 'Phyllis Blair', 0),
('anti-palu ', 2000, '', '5mg', 8, 'm', '	ras', 'C:/Users/ZEUKENG FLORENT/Desktop/projet/eclipse-workspace/projetPharma/src/image/anti-palu.png', 233),
('Aquila Martin', 0, 'Idona Austin', 'Slade Flow', 7, 'Kimberley Ward', 'Angela Haney', 'Farrah Hatfield', 0),
('Aretha Stevenson', 0, 'Marcia Valentin', 'Naomi Garr', 1, 'Rachel Schwartz', 'Stacy Hamilton', 'Maxine Gentry', 0),
('Ariel Espinoza', 0, 'Wing Donaldson', 'Rafael Sua', 9, 'Angelica Whitaker', 'Farrah Larson', 'Whitney Gibbs', 0),
('Armando Dickerson', 0, 'Jermaine Rocha', 'Eugenia Mu', 8, 'Keegan Avila', 'Leslie Frank', 'Reese Potter', 0),
('Arthur Donovan', 0, 'Brynne Ford', 'Branden Fr', 3, 'Odessa Francis', 'Omar Sloan', 'Kameko Mcmahon', 0),
('Arthur Leblanc', 0, 'Brooke Barber', 'Blake Onea', 6, 'Deborah Bond', 'Kay Osborn', 'Stone Walton', 0),
('Aspen Hahn', 0, 'Malik Dennis', 'Jamalia Pa', 4, 'Hilel Kemp', 'Yetta Levine', 'Fletcher Trujillo', 0),
('Audra Travis', 0, 'Armand Atkinson', 'Quemby Dun', 2, 'Sebastian Manning', 'Eagan Harper', 'Kieran Ashley', 0),
('August Cantrell', 0, 'Sage Osborne', 'Madaline W', 0, 'Alden Dotson', 'Athena Cox', 'Neil Burns', 0),
('Aurelia Sherman', 0, 'Maia Melton', 'Ingrid Bat', 3, 'Eliana Phelps', 'Herrod Harding', 'Trevor Sellers', 0),
('Autumn Dejesus', 0, 'Russell Oneal', 'Kirby Byer', 1, 'Aspen Giles', 'Hamish Castro', 'Macey Bauer', 0),
('Autumn Mayo', 0, 'Ronan Pope', 'Colorado M', 1, 'Whitney Hill', 'Pascale Thornton', 'Hiram Todd', 0),
('Avram Carr', 0, 'Hedy Gates', 'Denton Wil', 6, 'Nolan Hebert', 'Suki Mcdaniel', 'Nicole Long', 0),
('Ayanna Contreras', 0, 'Otto Hull', 'Ferdinand ', 4, 'Thane Gross', 'Jennifer Kelly', 'Callum Hoover', 0),
('Ayanna Maldonado', 0, 'Nero Reese', 'Ella Krame', 4, 'Hall Keller', 'Mufutau Moody', 'Hollee Lawrence', 0),
('Baker Boyd', 0, 'Maile Melton', 'Jordan Fit', 7, 'Amber Mason', 'Paloma Greer', 'Edan Lynn', 0),
('Barrett Lyons', 0, 'Drake Wade', 'Luke Landr', 1, 'Clare Rosales', 'Kameko Cortez', 'Paula Lindsay', 0),
('Barry Spence', 0, 'Aphrodite Pate', 'Callum Ash', 2, 'Boris Hale', 'Brandon Hart', 'Kim May', 0),
('Beau Duncan', 0, 'Cheyenne Buchan', 'Alexa Sosa', 1, 'Chadwick George', 'Philip Houston', 'Jorden Talley', 0),
('Beck Young', 0, 'Cassidy Small', 'Slade Schw', 6, 'Naida Maldonado', 'Reed Vinson', 'Delilah Strong', 0),
('Benedict Watson', 0, 'Ina Neal', 'Grant Hint', 4, 'Dominic Rowland', 'Beau Olson', 'Conan Rocha', 0),
('Berk Shannon', 0, 'Ross Ferrell', 'Marvin Pal', 5, 'Dante Sutton', 'Basil Goodman', 'Natalie Macdonald', 0),
('Bert Lynn', 0, 'Maile Pena', 'Ivan Whitl', 3, 'Madaline Woods', 'Byron Emerson', 'Riley Spencer', 0),
('Bertha Turner', 0, 'Paula Freeman', 'Sophia Tor', 5, 'Ryan Gaines', 'Ezra Roman', 'Caryn Buchanan', 0),
('Beverly Craft', 0, 'Breanna Gill', 'Raven Beac', 8, 'Joy Pace', 'Keelie Ochoa', 'Orlando Hayes', 0),
('Bianca Knox', 0, 'Hanna Rowland', 'Yeo Griffi', 8, 'Oren Ruiz', 'Hop Waters', 'Jescie Hart', 0),
('Bianca Schultz', 0, 'Berk Campbell', 'Theodore H', 1, 'Merritt Finch', 'Shannon Reeves', 'Scott Hodges', 0),
('Blaze Freeman', 0, 'Hammett Chapman', 'Grace Cort', 5, 'Neil Kirkland', 'Tucker Dale', 'Rina Patterson', 0),
('Bo Hatfield', 0, 'Chancellor Roy', 'Margaret S', 2, 'Gwendolyn Cole', 'Elvis Tanner', 'Wilma Vaughan', 0),
('Bradley Mccray', 0, 'Ginger Valencia', 'Hanae Moon', 2, 'Phyllis Carpenter', 'Daquan Wooten', 'Xyla Carr', 0),
('Brady Nicholson', 0, 'Serena Sampson', 'Rudyard Hu', 6, 'Astra Morse', 'Samuel Anthony', 'Isaac Mcconnell', 0),
('Brenden Mosley', 0, 'Breanna Stevens', 'Julie Rutl', 10, 'Althea Greene', 'Ruth Emerson', 'Blake Wooten', 0),
('Brenna Cote', 0, 'Thor Cummings', 'Tiger Dill', 10, 'Brody Walter', 'Wallace Ryan', 'Patrick Harper', 0),
('Briar Rivera', 0, 'Alana Noble', 'Jayme Rive', 8, 'Rhoda Newman', 'Cole Finch', 'Elijah Nixon', 0),
('Britanni Hahn', 0, 'Walker Ewing', 'Sydnee Hol', 2, 'Hollee Herring', 'Jemima Harding', 'Demetrius Pitts', 0),
('Britanni O\'brien', 0, 'Hayes Powers', 'Jared Whit', 5, 'Harlan Keller', 'Howard Carr', 'Scott Carter', 0),
('Brock Rowland', 0, 'Stacey Byers', 'Grace Niel', 0, 'Buffy Maxwell', 'Boris Shepherd', 'Tamekah Mcconnell', 0),
('Bruce Ellis', 0, 'Kirestin Fuller', 'Judith Osb', 4, 'Inga Mack', 'Brooke Smith', 'Emerald Leonard', 0),
('Bruno Edwards', 0, 'Neve Parrish', 'Drew Patri', 10, 'Cameron Justice', 'Lani Valdez', 'Dante Burch', 0),
('Bryar Watson', 0, 'Finn Rice', 'Lucy Grave', 1, 'Hedley Webster', 'Fletcher Rojas', 'Wyoming Roth', 0),
('Burke English', 0, 'Florence Case', 'Cynthia Pr', 7, 'Noble Lee', 'Lee Kidd', 'Ronan Winters', 0),
('Burton Shepherd', 0, 'Benjamin Hewitt', 'Berk Mckee', 9, 'Nita Mclaughlin', 'Cain Sweeney', 'Urielle Walsh', 0),
('Byron Hendrix', 0, 'Vance Beasley', 'Adrian Eva', 3, 'Sean Mays', 'Maite Goodman', 'Lee Campos', 0),
('Cailin Ayala', 0, 'Zachery Chang', 'Amos Miran', 5, 'Colin Leon', 'Clark Hayes', 'Aquila Wilder', 0),
('Caldwell Lynch', 0, 'Sydnee Weber', 'Justina Ha', 4, 'Deanna Church', 'Charissa Davidson', 'Oleg Rocha', 0),
('Caldwell Morris', 0, 'Eric O\'Neill', 'Kimberley ', 9, 'Abel Miles', 'Rooney Salazar', 'Regan Burt', 0),
('Caleb Deleon', 0, 'Burton Alexande', 'Fleur Loga', 10, 'Althea Harmon', 'Adria Carson', 'Leigh Roth', 0),
('Caleb Rutledge', 0, 'Vera Hendricks', 'August Kir', 4, 'Kieran Armstrong', 'Nora Allison', 'Reagan Barker', 0),
('Calista Barnett', 0, 'Mannix Murray', 'Derek Hatf', 8, 'Kenyon Terrell', 'Elaine Kennedy', 'Austin Parks', 0),
('Calista Browning', 0, 'Brielle Rosales', 'Ray Ware', 8, 'Ann Lawrence', 'Lev Castillo', 'Fritz Cash', 0),
('Calvin Hubbard', 0, 'Peter Stanton', 'Hakeem Gue', 10, 'Jonas Sanders', 'Lila Skinner', 'Herman Farmer', 0),
('Camden Calhoun', 0, 'Shad Bonner', 'Sydney Dec', 5, 'Lana Cummings', 'Justin Mayo', 'Charissa Castro', 0),
('Cameron Shepherd', 0, 'Paul Cervantes', 'Emery Dick', 6, 'Yen Macias', 'Kato Bradford', 'Karina Head', 0),
('Camille Barnett', 0, 'Connor Owen', 'Melinda Ca', 4, 'Kellie Ball', 'Dorothy Mcpherson', 'Chase Villarreal', 0),
('Carla Frederick', 0, 'Price Hancock', 'Noah Doyle', 9, 'Glenna Haney', 'Hedley Bartlett', 'Orlando Maxwell', 0),
('Carlos Lowe', 0, 'Axel Green', 'Cassidy Be', 10, 'Simon Francis', 'Maite Mitchell', 'Bianca Aguilar', 0),
('Carol Stephenson', 0, 'Herrod Rosales', 'Bruno Spea', 5, 'Edan Hernandez', 'Hilary Mcneil', 'Tyler Holloway', 0),
('Carter Garrison', 0, 'Anjolie Newton', 'Callie Mar', 4, 'Melissa Potter', 'Kaye Greer', 'Cynthia Galloway', 0),
('Caryn Barrett', 0, 'Emery Haynes', 'Joelle Row', 4, 'Austin Morin', 'Zahir Mccray', 'Iola Pacheco', 0),
('Caryn Solis', 0, 'Hayden Castaned', 'Jaden Mcmi', 2, 'Adrian Dickson', 'Xander Copeland', 'Nicole Gill', 0),
('Cecilia Camacho', 0, 'Sopoline Mayer', 'Aristotle ', 8, 'Adara Tyson', 'Simone Browning', 'Jolie Padilla', 0),
('Cecilia Shields', 0, 'Jaime Hill', 'Angela Hug', 6, 'Luke William', 'Hiram Hurley', 'Vaughan Rogers', 0),
('Cecilia Weiss', 0, 'Jared Phillips', 'Hop Vasque', 9, 'Lawrence Dejesus', 'TaShya Mann', 'Yoshi Walton', 0),
('Celeste Witt', 0, 'Omar Walter', 'Driscoll B', 0, 'Teegan Phelps', 'Ivan Rios', 'Reese Conrad', 0),
('Chancellor Calhoun', 0, 'Quentin Perry', 'Tiger Penn', 4, 'Martena Rush', 'Adrian Nieves', 'Daquan Waters', 0),
('Chanda Cohen', 0, 'Mariam Conner', 'Mia Ratlif', 7, 'Kieran Mcfadden', 'Vaughan Pacheco', 'Ashely Townsend', 0),
('Chanda Knowles', 0, 'Acton Puckett', 'Brittany C', 6, 'Simone Campbell', 'Leandra Alford', 'Nero Moses', 0),
('Chaney Orr', 0, 'Levi Merritt', 'Benedict L', 3, 'Camille Rivers', 'Diana Albert', 'David Wallace', 0),
('Channing Morin', 0, 'Sage Blair', 'Cyrus Mcke', 1, 'Craig Ford', 'Darius Morales', 'Xander Clements', 0),
('Charde Hendricks', 0, 'Riley Burns', 'Bruce Mont', 7, 'Declan Whitaker', 'Lyle Cruz', 'Howard Hill', 0),
('Charde Stevenson', 0, 'Christopher Dav', 'Ivor Houst', 8, 'Xavier Lancaster', 'Nehru Pittman', 'Lael Morse', 0),
('Charlotte Brooks', 0, 'Emma Shepard', 'Justine O\'', 3, 'Laura Maldonado', 'Brynn Mason', 'Ursula Weaver', 0),
('Chase Saunders', 0, 'Bertha Davis', 'Quon Heber', 1, 'Karyn Byers', 'Geoffrey Bell', 'Trevor Valenzuela', 0),
('Chava Hurst', 0, 'Christen Kramer', 'Dillon Per', 3, 'Cameran Cox', 'Joan Lyons', 'Macey Charles', 0),
('Cherokee Poole', 0, 'Anika Stuart', 'Shelby Kem', 3, 'Demetria Anderson', 'Demetria Woodard', 'Patrick Langley', 0),
('Cherokee Price', 0, 'Dora Dillon', 'Nathan Stu', 6, 'Leonard Stevenson', 'Maile Pruitt', 'Gay Zamora', 0),
('Cheyenne Campbell', 0, 'Daphne Solis', 'Marvin Fra', 3, 'Kamal Duran', 'Diana Ellis', 'Walter Velez', 0),
('Chiquita Merrill', 0, 'Stone Cameron', 'Maggie Slo', 5, 'Illiana Dejesus', 'Alika Kline', 'John Silva', 0),
('Ciara Dorsey', 0, 'Lacy Reynolds', 'Craig Math', 6, 'Gail Michael', 'Ora Hammond', 'Patrick Mcleod', 0),
('Ciara Jones', 0, 'Xavier Downs', 'Kaitlin Mc', 9, 'Chiquita Winters', 'Kathleen Blair', 'Chaney Aguirre', 0),
('Claire Sears', 0, 'Keiko Moon', 'Lani Ewing', 2, 'Mara Adkins', 'Hayes Raymond', 'George Compton', 0),
('Clarke Aguilar', 0, 'Prescott Freema', 'Ryan Colli', 7, 'Laura Colon', 'Cecilia Mejia', 'Julian Saunders', 0),
('Clarke Pitts', 0, 'Karyn Tillman', 'Wyatt Chen', 2, 'Francis Bradley', 'Tamara Alston', 'Keegan Barron', 0),
('Claudia Larson', 0, 'Ursa Harper', 'Aspen Howe', 0, 'Orson York', 'Simone Sheppard', 'Perry Thomas', 0),
('Clayton Huffman', 0, 'Aristotle Hatfi', 'Wing Edwar', 6, 'Reed Olsen', 'Darius Burris', 'Belle Baird', 0),
('Clementine Clements', 0, 'Robert Bartlett', 'Darrel Wea', 9, 'Lunea Prince', 'Deacon Mcdowell', 'Rogan Francis', 0),
('Clementine Clements', 0, 'Yen Gonzales', 'Wallace Ka', 3, 'Roth Bowman', 'Nathaniel Kent', 'Madison Hopkins', 0),
('Clementine Holt', 0, 'Cecilia Russo', 'Paloma Kau', 2, 'Hilary Whitaker', 'Wayne Strong', 'Dieter Mueller', 0),
('Clinton Mcdaniel', 0, 'Seth Manning', 'Shellie An', 7, 'Carla Mcclain', 'Brielle Clayton', 'Lawrence Fowler', 0),
('Coby Albert', 0, 'Jayme Valencia', 'Thor Cummi', 8, 'Fulton Fry', 'Dustin Dunn', 'Keefe Valenzuela', 0),
('Colby Ellison', 0, 'Quinn Dodson', 'John Valen', 1, 'Camille Shepard', 'Astra Howard', 'Trevor Cote', 0),
('Colby Kelley', 0, 'Tatiana Hendrix', 'Aristotle ', 6, 'Mechelle Callahan', 'Shay Allison', 'Willow Benjamin', 0),
('Cole Dunn', 0, 'Fay Bird', 'Conan Sala', 8, 'Dahlia Sears', 'Gail Blanchard', 'Mari Bradley', 0),
('Colleen Rodriguez', 0, 'Daryl Hayes', 'Grace Pott', 5, 'Jonas Hansen', 'Xantha Terrell', 'Aaron Gonzalez', 0),
('Connor Sawyer', 0, 'Samson Phelps', 'Ivy Monroe', 9, 'Asher Lott', 'Ira Love', 'Igor Carter', 0),
('Cooper Cherry', 0, 'Dominic Griffin', 'Aretha Shi', 1, 'Jolene Vargas', 'Amir Burt', 'Chadwick Jefferson', 0),
('Cruz Bennett', 0, 'Oliver Decker', 'Quintessa ', 4, 'Arden Huber', 'Ava Richmond', 'Hedda Emerson', 0),
('Cullen Craft', 0, 'Celeste Singlet', 'Rudyard Jo', 3, 'Keelie Cooley', 'Darryl Hayden', 'Ivor Durham', 0),
('Curran Kidd', 0, 'Brennan Bass', 'August Hen', 5, 'Blythe Cole', 'Damon Barber', 'Andrew Dejesus', 0),
('Dai Gutierrez', 0, 'Cyrus Hickman', 'Evelyn Ber', 1, 'Shelly Ratliff', 'Brody Slater', 'Isabella Finley', 0),
('Daniel Albert', 0, 'Brady Vazquez', 'Otto Cole', 2, 'Oscar Parks', 'Serina Pitts', 'Cally Salas', 0),
('Daphne Gilbert', 0, 'Kylee Campos', 'Vanna Lawr', 9, 'Reece Conner', 'Chiquita Christensen', 'Tatiana Wooten', 0),
('Darrel Abbott', 0, 'Tiger Todd', 'Christine ', 4, 'Brenden Travis', 'Tatiana O\'brien', 'Mark Richardson', 0),
('Darrel Gates', 0, 'Jennifer Edward', 'Honorato B', 1, 'Chester Mcintosh', 'Athena Kinney', 'Dawn Vaughan', 0),
('Darrel Gilmore', 0, 'Jarrod Whitfiel', 'Cassady Jo', 2, 'Ivor Serrano', 'Blaze Cantu', 'Ezra Fitzpatrick', 0),
('Darryl Stone', 0, 'Reagan Buckley', 'Venus Clem', 8, 'MacKensie Le', 'Jael Davis', 'Cooper Heath', 0),
('Daryl Bowman', 0, 'Hakeem Jennings', 'Ryan Snide', 8, 'Alana Reeves', 'Zachery Martin', 'Ava Schmidt', 0),
('Daryl Cruz', 0, 'Arden Kelly', 'Cassidy Hu', 4, 'Stacy Lara', 'Damon Valentine', 'Constance Larson', 0),
('Dawn Diaz', 0, 'Deacon Boyle', 'Jaden Vaug', 3, 'Tanek Baker', 'Nelle Burris', 'Destiny Lott', 0),
('Dean Winters', 0, 'Cyrus Meyer', 'Jacob Schu', 6, 'Lacota Woodward', 'Brynn Sullivan', 'Jaden Nguyen', 0),
('Deanna Woods', 0, 'Hamilton Mcbrid', 'Brooke Eve', 8, 'Bianca Alexander', 'Amelia Diaz', 'Beverly Hooper', 0),
('Debra Cobb', 0, 'Lila Welch', 'Mannix Bro', 2, 'Hannah Holt', 'Winter Cantrell', 'Andrew Charles', 0),
('Demetria Figueroa', 0, 'Cameron Foster', 'Moses Kram', 5, 'Kylie Hood', 'Emerald Middleton', 'Emerson Charles', 0),
('Demetria Grant', 0, 'Jolene Harrison', 'Jayme Hunt', 0, 'Rowan Justice', 'Ruth Calhoun', 'Shafira Burke', 0),
('Demetrius Castro', 0, 'Lilah Raymond', 'Keely Meye', 5, 'Plato Joyner', 'Porter Hanson', 'Scarlett Rivera', 0),
('Denise Malone', 0, 'Logan Francis', 'Paki Olive', 9, 'Dolan Beck', 'Sasha Justice', 'Nathan Fernandez', 0),
('Desirae Carney', 0, 'Raphael Serrano', 'Ursa Cerva', 2, 'Karleigh Miles', 'Aidan Parsons', 'Sylvester Larson', 0),
('Desirae Sweeney', 0, 'Yvonne Moses', 'Brett Dale', 2, 'Joshua Roy', 'Sylvia Duran', 'Dean Barnes', 0),
('Desiree Tran', 0, 'Destiny Harriso', 'Velma Stev', 5, 'Brady Gordon', 'Nyssa Heath', 'Joshua Martinez', 0),
('Devin Mccarthy', 0, 'Jeremy Castillo', 'Kuame Benn', 9, 'Omar Patrick', 'Ina Golden', 'Cassady Haynes', 0),
('Dexter Barrera', 0, 'Kiayada Nolan', 'Zia Gonzal', 7, 'Zahir Davenport', 'Timothy Small', 'Clark Mcfarland', 0),
('Diana Abbott', 0, 'Susan Parsons', 'Angela Mas', 6, 'Isaiah Giles', 'Donovan Collins', 'Channing Horne', 0),
('Dillon Bass', 0, 'Vielka Preston', 'Anjolie Ca', 5, 'Myles Berger', 'Peter Parker', 'Lucy Downs', 0),
('Dillon Foley', 0, 'Felicia Knight', 'Sophia San', 3, 'Lynn Henson', 'Yardley Coleman', 'Zenia Bryant', 0),
('Dominique Mcleod', 0, 'Sharon Roberts', 'Odysseus R', 7, 'Gregory Haley', 'Nathan Powell', 'Evan Whitley', 0),
('Donovan Bird', 0, 'Thor Gallegos', 'Gil Espino', 8, 'Allen Hooper', 'Clare Rosa', 'Keelie Graves', 0),
('Donovan Durham', 0, 'Ciaran Livingst', 'Mercedes L', 7, 'Genevieve Russell', 'Tyler Nguyen', 'Alice Hatfield', 0),
('Drake Harrell', 0, 'Zephania Navarr', 'Rae Dorsey', 7, 'Ila Tyler', 'Donovan Woods', 'Ashely Duke', 0),
('Drake Parks', 0, 'Linus Chaney', 'Abigail La', 3, 'Kirsten Vance', 'Kyle Mullins', 'Larissa Roy', 0),
('Driscoll Mathews', 0, 'Mia Wyatt', 'Rudyard Go', 7, 'Jack Pearson', 'Sara Page', 'Kai Morin', 0),
('Duncan Vinson', 0, 'Hilda Fulton', 'Jocelyn Pa', 1, 'Kylan Fowler', 'Oleg Allison', 'Thomas Cantrell', 0),
('Elijah Jarvis', 0, 'Cruz O\'brien', 'Natalie He', 4, 'Jenette Bullock', 'Austin Tate', 'Burton Cline', 0),
('Elliott Christian', 0, 'Daniel Finley', 'Theodore G', 9, 'Cathleen Gibbs', 'Kirestin Mcdonald', 'Olympia Lara', 0),
('Elton Brooks', 0, 'Gil Randall', 'Jonas Quin', 1, 'Sawyer Velez', 'Kasper Francis', 'Daphne Ramirez', 0),
('Elton Harvey', 0, 'Graham Sosa', 'Eaton Elli', 0, 'Odette Frederick', 'Arden Hall', 'Justin Thornton', 0),
('Elvis Gonzalez', 0, 'Venus Howard', 'Kenneth Jo', 7, 'Melissa Lucas', 'Pamela Cabrera', 'Eaton Ellison', 0),
('Elvis Harding', 0, 'Yvonne Cline', 'Hamish Bal', 3, 'Yasir Hebert', 'Ariana Juarez', 'Gareth Ward', 0),
('Elvis Harrington', 0, 'Glenna Kline', 'Madonna Br', 5, 'Astra Wilkins', 'Keefe Scott', 'Drake Hodge', 0),
('Emma Porter', 0, 'Madeline Poole', 'Uriah Scot', 6, 'Maryam Zimmerman', 'Ulric Sullivan', 'Kareem Faulkner', 0),
('Erasmus Glover', 0, 'Carlos Aguilar', 'Melanie Ow', 3, 'Kenneth Macias', 'Dante Chang', 'Amaya Browning', 0),
('Erica Gallagher', 0, 'Xandra Morrison', 'Troy Newma', 9, 'Karly Keller', 'Isadora Rocha', 'Kimberley Chaney', 0),
('Eve Duncan', 0, 'Xyla Harvey', 'Zane Steve', 8, 'Keaton Miller', 'Rana Foster', 'Amela Snyder', 0),
('Ezekiel Graham', 0, 'Maxine Koch', 'Zenia Edwa', 6, 'Kuame Powell', 'Quinn Sweet', 'Bryar Copeland', 0),
('Faith Nixon', 0, 'Flavia Carpente', 'Geoffrey P', 2, 'Boris Moreno', 'Olga Kirby', 'Kirk Ferguson', 0),
('Faith Rocha', 0, 'Leo Browning', 'Brent Daws', 7, 'Shelly Fernandez', 'Chelsea Conley', 'Jaime Hill', 0),
('Fatima Calderon', 0, 'Russell Hunt', 'Magee Alva', 5, 'Kyle Edwards', 'Kenneth Reilly', 'Oleg Guy', 0),
('Fatima Summers', 0, 'Branden Ortega', 'Ryder O\'br', 2, 'Grant Evans', 'Laith Odom', 'Quinn Moss', 0),
('Felicia Trevino', 0, 'Jemima Morin', 'Garrison S', 5, 'Brandon Perez', 'Melinda Fleming', 'Francesca Wilkinson', 0),
('Ferdinand Coleman', 0, 'Dorian Stark', 'Fletcher T', 10, 'Halee Humphrey', 'Howard England', 'Malik Mcbride', 0),
('Ferdinand Gross', 0, 'Rafael Santos', 'Kermit Mos', 4, 'Shad Tate', 'Armand Hebert', 'Joel Singleton', 0),
('Ferris Pollard', 0, 'Cooper Baldwin', 'Colleen Me', 8, 'Arden Meadows', 'Darius Ray', 'Kennedy Mcmillan', 0),
('Fiona Mejia', 0, 'Kylynn Hayes', 'Rashad Sch', 5, 'Shannon Robbins', 'Dacey Patrick', 'Kennedy Stephens', 0),
('Fitzgerald Marks', 0, 'Omar Winters', 'Geoffrey M', 1, 'Adam Todd', 'Ashely Rivas', 'Desiree Bates', 0),
('Fletcher Maxwell', 0, 'Branden Gross', 'Kelsey Tru', 7, 'Tanek Morse', 'Blake Noble', 'Guinevere Shaffer', 0),
('Flynn Booker', 0, 'Melissa Rutledg', 'Ivana Dalt', 3, 'Hakeem Santiago', 'Kim Fleming', 'Harrison Hernandez', 0),
('Flynn Holcomb', 0, 'Aristotle Allis', 'Melvin Zam', 9, 'Chancellor Carney', 'Lane Armstrong', 'Mary Lewis', 0),
('Flynn Vargas', 0, 'Constance Ellis', 'Wing Mayna', 4, 'Jessamine Jenkins', 'Mona Pittman', 'August Sherman', 0),
('Francesca Warren', 0, 'Olga Burnett', 'Stacey Sim', 5, 'Penelope Fowler', 'Kamal Myers', 'Alec Castro', 0),
('Francis Stewart', 0, 'Rhiannon Chan', 'Scott Mira', 1, 'Phelan Garcia', 'Hannah Mcguire', 'Anjolie Simon', 0),
('Fredericka Ortiz', 0, 'Harding Delacru', 'Sean Evere', 5, 'Alexa Ochoa', 'Hedy Davidson', 'Cheryl Singleton', 0),
('Freya Lindsey', 0, 'Ina Marshall', 'Kenyon Goo', 1, 'Walker Fitzgerald', 'Maxine Roberts', 'Hamilton Robles', 0),
('Freya Underwood', 0, 'Marshall Floyd', 'Driscoll P', 8, 'Forrest Mcpherson', 'Audrey Lowery', 'Meghan Roberson', 0),
('Fritz Doyle', 0, 'Brenna Durham', 'Gavin Alva', 8, 'Hasad Oneil', 'Derek Coleman', 'Yoko Rodgers', 0),
('Garrison Roth', 0, 'Alexis Green', 'Roanna Smi', 10, 'Rhea Owens', 'Henry Ferrell', 'Pandora Cook', 0),
('Garth Scott', 0, 'Ira Maxwell', 'Roanna Riv', 7, 'Sandra Galloway', 'Harper Yang', 'Upton Hyde', 0),
('Genevieve Griffith', 0, 'Lynn Monroe', 'Teagan Duk', 9, 'Steel Church', 'Teagan O\'connor', 'Colette Hamilton', 0),
('George Griffin', 0, 'Wynne Stephenso', 'Kaseem Car', 1, 'Eve Owen', 'Yasir Hammond', 'Althea Holder', 0),
('Germane Cohen', 0, 'Alvin Hunt', 'Hanae Park', 10, 'Rachel Craig', 'Vivien Abbott', 'Doris Cotton', 0),
('Giacomo Parks', 0, 'Shad Molina', 'Illana Boy', 6, 'Gail Clements', 'Illiana Johns', 'Leonard Boone', 0),
('Ginger Sanford', 0, 'Lani Conner', 'Yael Goodw', 8, 'Patricia Freeman', 'Sophia Ballard', 'Aladdin Miles', 0),
('Grace Baldwin', 0, 'Noelle Stuart', 'Vivien Ben', 5, 'Dacey Craft', 'Yardley Stafford', 'Katell Sawyer', 0),
('Grace Phillips', 0, 'Iola Hendrix', 'Omar Bell', 8, 'Christian Beach', 'Alika Fry', 'Virginia Le', 0),
('Graham Chambers', 0, 'Ursula Barry', 'Baxter Hes', 6, 'Maxine Mcfadden', 'Merritt Sparks', 'Xantha Leblanc', 0),
('Graham Head', 0, 'Renee Henson', 'Lacy Salas', 4, 'Stewart Cash', 'Tarik Henry', 'Lyle Wilkinson', 0),
('Graiden Puckett', 0, 'Colleen Young', 'Christen M', 2, 'Cecilia Ferguson', 'Frances Ingram', 'Vielka Jones', 0),
('Griffith Murray', 0, 'Faith Snyder', 'Patrick Br', 8, 'Rajah Mathis', 'Zeph Sullivan', 'Nicholas Kemp', 0),
('Guy Estrada', 0, 'Yoshio Moody', 'Daryl Sims', 7, 'Tobias Contreras', 'Dale Rosales', 'Linda Floyd', 0),
('Haley Mccray', 0, 'Aladdin Mckinne', 'Karen Mccr', 9, 'Bertha Henderson', 'Adrian Rollins', 'Cole May', 0),
('Hamish Lucas', 0, 'Allistair Nguye', 'Gareth Mcc', 9, 'Roth Le', 'Benjamin Patton', 'Donovan Torres', 0),
('Hammett Daugherty', 0, 'Amber Huffman', 'Jamalia Wi', 5, 'Daquan Workman', 'Rosalyn Carver', 'Farrah Dunn', 0),
('Hannah Bennett', 0, 'Ivor Rios', 'Amal Finch', 3, 'Brielle Lee', 'Ciara Hansen', 'Nora Schroeder', 0),
('Hashim Abbott', 0, 'Lamar Porter', 'Kirk Marti', 4, 'Hayfa Joyner', 'Kyla Pratt', 'Hunter Sweet', 0),
('Hashim Mcleod', 0, 'Colin Boyer', 'Erica Wood', 1, 'Jenna Vazquez', 'Idola Johns', 'Herman Summers', 0),
('Hayden Rush', 0, 'Macon Garrison', 'Sawyer Riv', 5, 'Ingrid Owen', 'Dai Underwood', 'Nelle Wall', 0),
('Hayfa Bernard', 0, 'Felix Buckley', 'Ivan Ander', 8, 'Steel Andrews', 'Xenos Lara', 'Yuli Brady', 0),
('Hayfa Martin', 0, 'Unity Williams', 'Stephen Ch', 1, 'Kirk Castaneda', 'Linda Becker', 'Isabella Clarke', 0),
('Hayley Rodriguez', 0, 'Orli Roberson', 'Angelica E', 9, 'Omar Vinson', 'Juliet Henry', 'Bethany Ramsey', 0),
('Heather Henderson', 0, 'Jasmine Poole', 'Curran Ber', 6, 'Wayne Harding', 'Seth Bradshaw', 'Bell Hudson', 0),
('Hector Morin', 0, 'Fulton Moses', 'Lucian Mcn', 8, 'Carter Buckner', 'Cedric Fitzgerald', 'Damon Pace', 0),
('Hedley Melton', 0, 'Zephania Mays', 'Kellie Pic', 8, 'April Lawson', 'Ayanna Leach', 'Madeline Russo', 0),
('Heidi Duran', 0, 'Flavia Bolton', 'Kiona Ewin', 10, 'Jade Clarke', 'Sylvester Melendez', 'Alyssa Robinson', 0),
('Hilel Neal', 0, 'Henry Herman', 'Tyrone Sex', 7, 'Jarrod Simpson', 'Justina Daugherty', 'Holly Chambers', 0),
('Hilel Webb', 0, 'Gay Jensen', 'Geraldine ', 8, 'Kadeem Munoz', 'Gavin Heath', 'Avram Marshall', 0),
('Hiram Frost', 0, 'Akeem Richard', 'Hashim Sto', 1, 'Brenda Silva', 'Zoe Key', 'Keely Morin', 0),
('Hiram Pickett', 0, 'Remedios Payne', 'Baker Colo', 8, 'Hedley Wade', 'Brynne Mercado', 'Fulton Ellison', 0),
('Hollee Whitney', 0, 'Teagan Melendez', 'Carlos Wea', 4, 'Jemima Reynolds', 'Petra Clarke', 'Kylynn Washington', 0),
('Honorato Valentine', 0, 'Flavia Alford', 'Griffith V', 6, 'Brenda Kennedy', 'Stuart Blevins', 'Chandler Martinez', 0),
('Hop Moore', 0, 'Cadman Langley', 'Solomon Po', 2, 'Erica Talley', 'George Crawford', 'Colorado Bentley', 0),
('Hoyt Kennedy', 0, 'Mufutau Haney', 'Serina She', 10, 'Isabelle Castaneda', 'Keely O\'Neill', 'Kasper Bird', 0),
('Hoyt Lowery', 0, 'Leonard Booth', 'Britanney ', 2, 'Caleb Ferguson', 'Lana Duncan', 'Aretha Ball', 0),
('Hoyt Mercer', 0, 'Murphy Meadows', 'Alice Tyle', 4, 'Noah Kelly', 'Yasir Mays', 'Quintessa Holland', 0),
('Hu Montoya', 0, 'Bethany Klein', 'Melinda Sp', 7, 'Farrah Dean', 'Beau Fisher', 'Griffin Ochoa', 0),
('Hu Riddle', 0, 'Isaiah Lyons', 'Tiger Leac', 9, 'Thaddeus Leonard', 'Rama Henson', 'Noble Holden', 0),
('Hyacinth Barnes', 0, 'Hasad Stone', 'Rose Burto', 9, 'Keely Harrison', 'Nathaniel Frank', 'Hashim Curtis', 0),
('Hyatt Wyatt', 0, 'Martha Mcguire', 'Jael O\'con', 9, 'Nelle Bernard', 'Philip Singleton', 'Cole Marquez', 0),
('Ian Sullivan', 0, 'Bruce Franks', 'Hedley Sot', 6, 'Tad Torres', 'Christen Morton', 'Cathleen Bailey', 0),
('Idola Evans', 0, 'Lane Barrera', 'Dominic Wa', 6, 'Conan Wilkerson', 'Rogan O\'brien', 'Bianca Holland', 0),
('Igor Bush', 0, 'Wesley Pickett', 'Mercedes H', 1, 'Cruz Sellers', 'Lucas Smith', 'Troy Patrick', 0),
('Ila Crane', 0, 'Leah Mclaughlin', 'Kyle Chris', 4, 'Neve Hatfield', 'Edward Barrett', 'Palmer Anthony', 0),
('Imogene Puckett', 0, 'Wayne Durham', 'Ezra Phill', 9, 'Zachery Chaney', 'Elmo Hood', 'Nerea Pratt', 0),
('India Contreras', 0, 'Megan Wall', 'Herrod Eat', 8, 'Libby Ellis', 'Willow Raymond', 'Neil Phelps', 0),
('Indigo Frost', 0, 'Stephen Potter', 'Lyle Flemi', 2, 'Jaden Hall', 'Brenden Hanson', 'Dara Tran', 0),
('Indira Frank', 0, 'Bethany Thomas', 'Cooper Mcg', 2, 'Lynn O\'brien', 'Jaquelyn Garrison', 'Hannah Doyle', 0),
('Ingrid Hicks', 0, 'Susan Rosales', 'Isaac Lars', 2, 'Cherokee Douglas', 'Karyn Barton', 'Alisa Barnett', 0),
('Iona Stuart', 0, 'Hermione Velasq', 'Quinn Poll', 6, 'Alexis Wong', 'Mallory Newman', 'Maggy Le', 0),
('Ira Dickerson', 0, 'Vance Acosta', 'Dillon Sch', 8, 'Orson Gallagher', 'Seth Mayer', 'Cade Allison', 0),
('Ira Hobbs', 0, 'Juliet Guy', 'Sybil Kane', 1, 'Kasimir Barron', 'Leo Houston', 'Hector Todd', 0),
('Irene Bradshaw', 0, 'Anika Cardenas', 'Buffy Bruc', 10, 'Wylie Martinez', 'Chanda Schroeder', 'Freya Best', 0),
('Iris Dickson', 0, 'Serina Nguyen', 'Clio Churc', 6, 'Sheila Dunlap', 'Unity Wheeler', 'Dillon Guzman', 0),
('Isaac Dejesus', 0, 'Kermit Sherman', 'Mohammad G', 6, 'Alyssa Hogan', 'Sarah Walton', 'Jameson Aguirre', 0),
('Isabelle Wheeler', 0, 'Jermaine Jones', 'Ali Booth', 1, 'Nicholas Guthrie', 'Xaviera Erickson', 'Imelda Delgado', 0),
('Ivan Stokes', 0, 'Lysandra Pierce', 'MacKenzie ', 0, 'Iris Holcomb', 'Jane Delacruz', 'Clarke Russell', 0),
('Ivana Shields', 0, 'Akeem Stafford', 'Kelsie She', 8, 'Nehru Cortez', 'Ira Leach', 'Allen Coleman', 0),
('Jack Strong', 0, 'Colin Bray', 'Reese Mccl', 3, 'Virginia Castaneda', 'Noble Daugherty', 'Cairo Rodriguez', 0),
('Jackson Mccall', 0, 'Barrett Tyson', 'Zachary He', 8, 'Claudia Beach', 'Aphrodite Holder', 'Eric Wolfe', 0),
('Jade Wall', 0, 'Hedda Buchanan', 'Raven Tyle', 9, 'Zenia Peck', 'Magee Moore', 'Phillip Albert', 0),
('Jael Conley', 0, 'Rudyard Larsen', 'Nigel Hold', 9, 'Iola Moss', 'Leonard Morgan', 'Caesar Holt', 0),
('Jaime Finley', 0, 'Armando Zimmerm', 'Len Herrin', 8, 'Pamela Good', 'Mary Conrad', 'Rahim Sharp', 0),
('Jakeem Patton', 0, 'Cora Kelley', 'Haley Hort', 5, 'Yetta Avila', 'Joseph Clemons', 'Adrienne Brewer', 0),
('Jana Grant', 0, 'Colby Peters', 'Anika Todd', 5, 'Jessamine Kirk', 'Mona Padilla', 'Gareth Guthrie', 0),
('Janna Downs', 0, 'Shelby Freeman', 'Carol Newm', 7, 'Gareth Mosley', 'Solomon Hahn', 'Idona Hatfield', 0),
('Jasmine Dickerson', 0, 'Willow Booker', 'Ian Church', 5, 'Maya Buchanan', 'Sage Howell', 'Clare Holder', 0),
('Jason Valenzuela', 0, 'Tate Woodard', 'Emmanuel C', 3, 'Wynter Mcmillan', 'Nyssa Sharpe', 'Tallulah Bullock', 0),
('Jayme Crosby', 0, 'Wynne Richardso', 'Blake Burn', 10, 'Charlotte Pollard', 'Jordan Bullock', 'Quintessa Brown', 0),
('Jelani Gentry', 0, 'Maryam Craft', 'Hadley Ste', 7, 'Nathan Moses', 'Megan Clemons', 'Maya Mccarty', 0),
('Jemima Odom', 0, 'MacKenzie Vega', 'Trevor Buc', 5, 'Tad Vang', 'Hop David', 'Caesar Woods', 0),
('Jena Frost', 0, 'Lucius Parker', 'Quinn Bens', 9, 'Palmer Swanson', 'Melvin Wade', 'Yuri Mann', 0),
('Jenette Kelly', 0, 'Leo Lester', 'Buckminste', 5, 'Summer Cherry', 'Clinton Wheeler', 'Nero Slater', 0),
('Jeremy Dickson', 0, 'Larissa Boone', 'Solomon Bu', 0, 'Britanney Buchanan', 'Arden Jenkins', 'Zena Hall', 0),
('Jeremy Osborne', 0, 'Matthew Luna', 'Marshall K', 6, 'Lucy Mcfadden', 'Aspen Christian', 'Allistair Nicholson', 0),
('Jessamine Peterson', 0, 'Nola Gonzalez', 'Faith Fraz', 4, 'Chase Mcfarland', 'Omar Anderson', 'Nasim Horn', 0),
('Jessamine Randall', 0, 'Whitney Grimes', 'Neve Mcgow', 3, 'Kieran Chavez', 'Dahlia Cabrera', 'Flynn Delgado', 0),
('Joan Perry', 0, 'Zelda Mendoza', 'Madaline H', 2, 'Heidi Salazar', 'Audra Mcgee', 'Gage Beasley', 0),
('Joelle Beach', 0, 'Tatum Blake', 'Gregory Ch', 6, 'Brenden Mendez', 'Kasper Moon', 'Marshall Moody', 0),
('Joelle Curtis', 0, 'Logan Franklin', 'Armand Fos', 5, 'Theodore Butler', 'Gavin Norris', 'Ora Stark', 0),
('Jolie Aguilar', 0, 'Ahmed England', 'Martina Va', 10, 'Shellie Tyson', 'Lyle Kim', 'Nigel Boyle', 0),
('Jonah Solomon', 0, 'Davis Skinner', 'Hashim Haw', 10, 'Bevis Deleon', 'Ulysses Little', 'Lila Cunningham', 0),
('Judah Conrad', 0, 'Holly Parker', 'Imani Zamo', 8, 'Emery Cherry', 'Emma Harris', 'Ginger Mercer', 0),
('Julie Hardin', 0, 'Rajah Sparks', 'Hanna Hort', 4, 'Christian Clarke', 'Hayden Lindsay', 'Lane Whitney', 0),
('Justina Rosales', 0, 'Ocean Torres', 'Mary Beasl', 5, 'Amena Bonner', 'Amity Cole', 'Omar Puckett', 0),
('Kato Butler', 0, 'Skyler Stout', 'Joel Barre', 6, 'Dennis Fisher', 'Eagan Norman', 'Alana Benson', 0),
('Kaye Warren', 0, 'Clarke Floyd', 'Anika Bair', 2, 'Ulric Baldwin', 'Colin Sullivan', 'Scarlet Noel', 0),
('Keane Brock', 0, 'Ray Holder', 'Constance ', 10, 'Craig Clemons', 'Emily Levy', 'Ora Snyder', 0),
('Keefe Fry', 0, 'Peter England', 'Tanya Swee', 6, 'Nasim Kerr', 'Lunea Powers', 'Simon Trevino', 0),
('Keegan Cote', 0, 'Dale Jensen', 'Isabella B', 5, 'Jesse Curtis', 'Ebony Mcintyre', 'Alika Calhoun', 0),
('Kennan Roy', 0, 'Carly Kerr', 'Carissa Co', 4, 'Aquila Yates', 'Wilma Mccall', 'Hashim Aguirre', 0),
('Kennedy Munoz', 0, 'Imelda Kirk', 'Cruz Kerr', 2, 'Carissa Strong', 'Caleb Knight', 'Colt Cooke', 0),
('Kenyon Donaldson', 0, 'Brenna Hartman', 'Illiana St', 1, 'Dante Tucker', 'Caldwell Page', 'Daryl Cantrell', 0),
('Kiayada Spence', 0, 'Chastity Moses', 'Bruno Fish', 2, 'Seth Harrington', 'Aristotle Morton', 'Rhoda Harrison', 0),
('Kieran Ayala', 0, 'Judah Matthews', 'Amery Baue', 1, 'Janna Soto', 'Russell Frank', 'George Horne', 0),
('Kimberly Blake', 0, 'Lillian Buck', 'Kyra Mcbri', 6, 'Wynne Mejia', 'Guinevere Goodwin', 'Avram Whitehead', 0),
('Kiona Hines', 0, 'Felicia Gates', 'Rajah Niev', 2, 'Shay Taylor', 'Kyle Moss', 'Inga Velez', 0),
('Kylan Stewart', 0, 'Sade Curtis', 'Logan Kell', 6, 'Deirdre Harrison', 'Iola Singleton', 'Todd Wiley', 0),
('Kylynn Little', 0, 'Octavia Holman', 'Elmo Mcmah', 5, 'Lee Morales', 'Sigourney Kim', 'Austin Duke', 0),
('Lacey Slater', 0, 'Lance Bray', 'Luke Reed', 3, 'Ava Estrada', 'Talon Owens', 'Vaughan Richards', 0),
('Lacey Tate', 0, 'Emily Rodriquez', 'Gloria Fer', 6, 'Germaine Silva', 'Teegan Vega', 'Donovan Powell', 0),
('Lacota Walker', 0, 'Cally Soto', 'Carter Dal', 6, 'Kirby Osborne', 'Price Colon', 'Nissim Love', 0),
('Laith Wong', 0, 'Kylynn Meyer', 'Melvin Owe', 8, 'Adara Cobb', 'Ethan Mccarthy', 'Harper Meyer', 0),
('Lani Crawford', 0, 'Michelle Valdez', 'Nyssa Brow', 3, 'Gil Parker', 'Castor Juarez', 'Tallulah Bond', 0),
('Lareina Hinton', 0, 'Timothy Meyer', 'Scarlett C', 4, 'Hakeem Bowman', 'Noah Zamora', 'Simone Bell', 0),
('Larissa Bowman', 0, 'Keelie Sears', 'Danielle G', 3, 'Herrod Oneil', 'Kimberly Bonner', 'Lila Kelly', 0),
('Larissa Smith', 0, 'Ursa Nelson', 'Jesse John', 5, 'Fuller Cooper', 'Yen Wiley', 'Libby Mercer', 0),
('Leandra Montgomery', 0, 'Edan Keller', 'Karly Webb', 2, 'Theodore Wilkerson', 'Aileen Allison', 'Gareth Mathews', 0),
('Leo Brennan', 0, 'Ria Branch', 'Darrel Bar', 9, 'Sybill Mayo', 'Pandora Bentley', 'Felicia Witt', 0),
('Leo Haney', 0, 'Tasha Christian', 'Morgan Osb', 1, 'Austin Washington', 'Dolan Munoz', 'Malik Cortez', 0),
('Leroy Hardin', 0, 'Denise Brooks', 'Deborah Ma', 7, 'Grant Logan', 'Christine Tyler', 'Quynn Griffin', 0),
('Lesley Frederick', 0, 'Ignatius Ochoa', 'Morgan Haw', 0, 'Bruce Wilder', 'Ciara Hudson', 'Chava Gonzalez', 0),
('Lesley Wolf', 0, 'Vivian Stein', 'Reagan Bal', 8, 'Hillary Stein', 'Charles Good', 'Chaim Moon', 0),
('Levi Jimenez', 0, 'Germane Moses', 'Isadora Ba', 4, 'Ian Santana', 'Hillary Blankenship', 'Aiko Flores', 0),
('Lila Kelley', 0, 'Maite Meyers', 'Phelan Mcm', 7, 'Keaton Branch', 'Tallulah Wilder', 'Shad Larsen', 0),
('Lois Barrett', 0, 'Wylie Edwards', 'Kaye Matth', 3, 'Xavier Hicks', 'Gretchen Golden', 'Anne Rodgers', 0),
('Lucius Heath', 0, 'Kirk Hughes', 'Wylie Powe', 9, 'Dean Vance', 'Mallory Merrill', 'Vivian Ratliff', 0),
('Luke Ramirez', 0, 'Zelda Gay', 'Orson Cerv', 4, 'Quynn Harper', 'Shea Barnett', 'Keely Gutierrez', 0),
('Macey Roy', 0, 'Patience Sheppa', 'Maya Reyno', 6, 'Martina Grant', 'Aphrodite Norman', 'Madeline Collins', 0),
('Macon Steele', 0, 'Kitra George', 'Barclay Ni', 7, 'Derek Bryant', 'Jonah Norman', 'Fuller Marks', 0),
('Magee Byrd', 0, 'Elijah Valencia', 'Armand Tra', 4, 'Keelie Stuart', 'Tana Britt', 'Nolan Rivers', 0),
('Magee Osborne', 0, 'Melanie Church', 'Catherine ', 9, 'Gisela Decker', 'Erasmus Crosby', 'Dieter Bird', 0),
('Maisie Black', 0, 'Wanda Melendez', 'Nolan Flor', 4, 'Neil Mcmillan', 'Fletcher Hudson', 'Zoe Blanchard', 0),
('Mara Mcintyre', 0, 'Sandra Mitchell', 'James Ande', 6, 'Stacey Velez', 'Sophia Calhoun', 'Veda Wiggins', 0),
('Marah Guerrero', 0, 'Laurel Dunn', 'Ivan Larso', 4, 'Todd Marsh', 'Kermit Cabrera', 'Uriel Parks', 0),
('Maris Larson', 0, 'Gray James', 'Julie Alex', 6, 'Willa Bailey', 'Cherokee Robbins', 'Stella Merrill', 0),
('Maris Preston', 0, 'Ishmael Cook', 'Magee Pete', 1, 'Clinton Randall', 'Andrew Bass', 'Wayne Stanton', 0),
('Mark Vaughn', 0, 'Pamela Barlow', 'Gage Barr', 3, 'Stewart Salinas', 'Aquila Bullock', 'Ivor Moore', 0),
('Marsden Hardy', 0, 'Erin Figueroa', 'Jemima Pat', 7, 'Unity Bruce', 'Vladimir Phillips', 'Lara Hinton', 0),
('Martena Doyle', 0, 'Desiree Meadows', 'Nina Moore', 10, 'Hilda Singleton', 'Magee Mckee', 'Lunea Golden', 0),
('Martena Munoz', 0, 'Donna Morton', 'Lucius Vin', 0, 'Adrienne Barr', 'Shellie Merritt', 'Sage Haley', 0),
('Marvin Graves', 0, 'McKenzie Blevin', 'Demetrius ', 4, 'Lucian Mcpherson', 'Bianca Boone', 'Lars Brown', 0),
('Maxwell Sutton', 0, 'Kennedy Meyer', 'Evangeline', 8, 'Margaret Aguirre', 'Lawrence Marquez', 'Iliana Price', 0),
('Meghan Dotson', 0, 'Hyatt Kane', 'Orli Towns', 9, 'Chava Stanley', 'Skyler Goodwin', 'Xander Chaney', 0),
('Melvin Chandler', 0, 'Amena Wood', 'Hiram Patt', 3, 'Price Wilkerson', 'Brynn Conner', 'Patrick Hardin', 0),
('Melyssa Ferguson', 0, 'Keely Roy', 'Blossom Sh', 8, 'Adele Lang', 'Drew Hale', 'Faith Gilmore', 0),
('Meredith Haney', 0, 'William Crosby', 'Thomas Fra', 0, 'Nerea Cole', 'Wilma Franco', 'Hyatt Cline', 0),
('Merrill Newman', 0, 'Teegan Merritt', 'Fiona Chen', 5, 'Jasmine Collier', 'Grace Michael', 'Barrett Delgado', 0),
('Mia Wilson', 0, 'Wyoming Hampton', 'Joseph Kem', 0, 'Ann Calhoun', 'Orson Avila', 'Ocean Everett', 0),
('Mira Brooks', 0, 'Ivor Knapp', 'Nicholas F', 2, 'Indira Baxter', 'Linus Heath', 'Kane Colon', 0),
('Miriam Jordan', 0, 'Ingrid Mills', 'Sydney Han', 6, 'Colorado Valenzuela', 'Robert Coleman', 'Tatum Levine', 0),
('Molly Cortez', 0, 'Raya Adams', 'Daniel Sco', 2, 'Iliana Hays', 'Travis Green', 'Teagan Wilder', 0),
('Mona Blankenship', 0, 'Rebecca Mcneil', 'Octavius W', 9, 'Hilary Wynn', 'Melyssa Sawyer', 'Rowan Gallagher', 0),
('Mona Torres', 0, 'Vivien Cohen', 'Timothy Wh', 2, 'Barclay Salinas', 'Lewis Short', 'Dahlia White', 0),
('Morgan Sweeney', 0, 'Chiquita Mercer', 'Clarke Par', 8, 'Astra Sargent', 'Wayne Wallace', 'Jakeem Donaldson', 0),
('Moses Waters', 0, 'Dale Rodriquez', 'Brenna Por', 1, 'Lyle Tyler', 'Ahmed Berry', 'Jamalia Aguirre', 0),
('Mufutau Green', 0, 'Lawrence Bartle', 'Adrienne B', 9, 'Ezra Gardner', 'Jerome Woodard', 'Dennis Forbes', 0),
('Murphy Lott', 0, 'Skyler Kennedy', 'McKenzie N', 6, 'Frances Cervantes', 'Felicia Delacruz', 'Jennifer Hunt', 0),
('Myles Hall', 0, 'Emma Guthrie', 'Jillian He', 5, 'Donovan Huff', 'Shana Blackwell', 'Samson Powell', 0),
('Myra Saunders', 0, 'Ishmael Wade', 'Ruth Frank', 3, 'Cameron Poole', 'Norman Harvey', 'Inez Powell', 0),
('Naida Baldwin', 0, 'Jerome Mccarty', 'Tatum Moon', 2, 'Fulton Giles', 'Georgia Foster', 'Petra Cain', 0),
('Naida Pearson', 0, 'Malachi Hall', 'Timon Carr', 1, 'Gemma Butler', 'Kelsey Mathews', 'Amelia Sears', 0),
('Nash Strong', 0, 'Tyler Moss', 'Karen Mori', 8, 'May Woodward', 'Ainsley Lynn', 'Farrah Mclaughlin', 0),
('Neil Branch', 0, 'Castor Armstron', 'Camden Mor', 3, 'Rosalyn Mercado', 'Hedwig Pearson', 'Hedley Hawkins', 0),
('Nell Berger', 0, 'Bert Peck', 'Griffith F', 10, 'Megan Carter', 'Kennan Price', 'Chaim Valenzuela', 0),
('Neville Mejia', 0, 'Daphne Glenn', 'Beck Rober', 6, 'Wyatt Craig', 'Arthur Pope', 'Britanney Edwards', 0),
('Nichole Bentley', 0, 'Rudyard Powell', 'Hayes Hold', 9, 'Aidan Raymond', 'Irene Logan', 'Ginger Fisher', 0),
('Nicole Robbins', 0, 'Amethyst Dunlap', 'Grant Mors', 0, 'Jennifer Ruiz', 'Xavier Howe', 'Jerry Larsen', 0),
('Nigel Noble', 0, 'Lacy Cervantes', 'Indigo Cro', 6, 'Fitzgerald Holloway', 'Xantha Emerson', 'Oren Duran', 0),
('Nita Eaton', 0, 'Candace Britt', 'Jeanette P', 6, 'Ursa Noel', 'Carlos Mcleod', 'Harrison Sexton', 0),
('Norman Rogers', 0, 'Andrew Odom', 'Cadman Mir', 0, 'Leilani Moody', 'Perry Velazquez', 'Beau Kirby', 0),
('Octavius Mayo', 0, 'Charissa Dickso', 'Lunea Mich', 7, 'Lucius Freeman', 'Celeste Sawyer', 'Ima Cole', 0),
('Odessa Ross', 0, 'Rogan Daniels', 'TaShya Sot', 6, 'Rebecca O\'brien', 'Amela Blair', 'Lydia Acosta', 0),
('Olga Hurley', 0, 'Anika Cabrera', 'Rose Madde', 6, 'Hilel Townsend', 'Acton Sweet', 'Beatrice Avery', 0),
('Olympia Jenkins', 0, 'Clayton Swanson', 'Chester Ga', 10, 'Eleanor Wilkerson', 'Bruce Davidson', 'Merritt Chapman', 0),
('Ori Compton', 0, 'Cedric Mendoza', 'Stephen Mo', 2, 'Beverly Patel', 'Leigh Hayden', 'Castor Hartman', 0),
('Ori Hendrix', 0, 'Damon Britt', 'Reed Brigh', 1, 'Sebastian Bonner', 'Damon Blake', 'Courtney Brady', 0),
('Orson Carey', 0, 'Bradley Mcconne', 'Patrick Ho', 10, 'Lani Erickson', 'Ayanna Barlow', 'Ishmael Raymond', 0),
('Orson Hardy', 0, 'Kato Hardin', 'Madonna Pa', 1, 'Olivia Golden', 'Fletcher Stanley', 'Merritt Wallace', 0),
('Oscar Roberts', 0, 'Victoria Adkins', 'Zenaida Fr', 8, 'Dara Brown', 'Dominic Camacho', 'Aidan Vincent', 0),
('Palmer Hinton', 0, 'Xyla Schultz', 'Sonya Vela', 3, 'Fritz Wiggins', 'Desirae Dalton', 'Blake Nixon', 0),
('Palmer Pickett', 0, 'Philip Guy', 'Peter Dele', 4, 'Iliana Rivas', 'Sylvester Franklin', 'Janna Fletcher', 0),
('paracetamol', 2000, '', '2mg', 10, 'k', 'sterilisant', 'C:/Users/ZEUKENG FLORENT/Desktop/projet/eclipse-workspace/projetPharma/src/image/paracetamol.png', 1078),
('Pascale Cross', 0, 'Cassandra Spenc', 'Scarlet Le', 3, 'Xantha Molina', 'Kessie Powers', 'Zenaida Jenkins', 0),
('Patrick Carey', 0, 'Mira Vasquez', 'Andrew Wit', 5, 'Jin Webb', 'Channing Decker', 'Cooper Day', 0),
('Paul West', 0, 'Damian Burns', 'John Howe', 10, 'Mikayla Mcintyre', 'Walter Klein', 'Valentine Blackwell', 0),
('Paul Winters', 0, 'Jakeem Zamora', 'Nash Domin', 6, 'Ira Shelton', 'Marvin Barrera', 'Shelby Talley', 0),
('Paula Delaney', 0, 'Hyacinth Ryan', 'Brynn Colo', 6, 'Acton Puckett', 'Cadman Prince', 'Zephr Roberts', 0),
('Philip Holman', 0, 'Sylvester Eaton', 'Allistair ', 2, 'Bruno Sweet', 'Freya Young', 'Mohammad Huff', 0),
('Porter Dillard', 0, 'Chandler Baxter', 'Zorita Wil', 4, 'Shelley Roberson', 'Brandon Everett', 'Noah Santana', 0),
('Porter Terrell', 0, 'Quamar Buckley', 'Scarlett R', 9, 'Xander Brown', 'Lyle Bray', 'Jakeem Jimenez', 0),
('Preston Wallace', 0, 'Anne Marshall', 'Susan Anth', 6, 'Uriel Baldwin', 'Alfonso Smith', 'Catherine Mcknight', 0),
('Quamar Bryan', 0, 'Kellie Sloan', 'Peter Shor', 4, 'Judith Cain', 'Flynn Ramsey', 'Phillip Wheeler', 0),
('Quemby Beck', 0, 'Cullen Wise', 'Xantha Sim', 7, 'Dustin Golden', 'Joshua Kim', 'Kennan Wilcox', 0),
('Quemby Gill', 0, 'Abra Fitzpatric', 'Marny Roch', 9, 'Prescott Mueller', 'Deanna Bond', 'Merritt Howe', 0),
('Quemby Small', 0, 'Logan Hale', 'Dominic Ly', 1, 'Isabella Macias', 'Sasha Herman', 'Kane Daniel', 0),
('Quinlan Giles', 0, 'Regan Davenport', 'Hilda Mcca', 1, 'Ariel Cash', 'Preston Craft', 'Amir Curry', 0),
('Quinn Paul', 0, 'Riley Skinner', 'Arden Hunt', 5, 'Gretchen Flores', 'Karen Manning', 'Leonard Cleveland', 0),
('Quyn Duncan', 0, 'Ulysses Berry', 'Willow Cha', 7, 'Ciaran Callahan', 'Caldwell Cannon', 'Harlan Ball', 0),
('Quyn Schmidt', 0, 'Gretchen Carril', 'Clio Gilli', 7, 'Madison Douglas', 'Cyrus Weeks', 'Allegra Durham', 0),
('Rahim Harrell', 0, 'Rashad Dillard', 'Ross Marti', 1, 'Lars Lee', 'Elton Webster', 'Brennan Morin', 0),
('Ralph Kelley', 0, 'Yetta Boone', 'Walker Fra', 9, 'Sebastian Farley', 'Kiayada Carr', 'Raja Workman', 0),
('Ramona Holcomb', 0, 'Paula Short', 'Kimberly B', 1, 'Miranda Carpenter', 'Uriah Barr', 'Sylvia Mejia', 0),
('Ramona Weber', 0, 'Latifah Mendez', 'Colette Ma', 1, 'Abra Garza', 'Grace Dillard', 'Barbara Gillespie', 0),
('Raven Cunningham', 0, 'Maxwell Alvarad', 'Kennan Gri', 1, 'Travis Boone', 'Xena Forbes', 'Ivy Harris', 0),
('Ray Hull', 0, 'Florence Stuart', 'Palmer Mey', 6, 'Tarik Poole', 'Amery Byrd', 'Roth Compton', 0),
('Reagan Hines', 0, 'Yuli Ferrell', 'Alan Wiley', 7, 'Cally Shaw', 'Kai Clark', 'Bell Cooke', 0),
('Rebekah Franks', 0, 'Tyler Nielsen', 'Cassandra ', 7, 'Allistair Battle', 'Fletcher Walls', 'Wang Bowman', 0),
('Reece Patel', 0, 'Irma Woods', 'George Und', 6, 'Kuame Roach', 'Regan Flynn', 'Vernon Reynolds', 0),
('Remedios Hicks', 0, 'Nyssa Harris', 'Megan Dods', 8, 'Herrod Cortez', 'Herman Wooten', 'Norman Peters', 0),
('Remedios Keller', 0, 'Galvin Haney', 'Illiana Ag', 3, 'Zia Parker', 'Teegan Anthony', 'Naida Bowman', 0),
('Renee Stokes', 0, 'Jaime Barron', 'Justin Pit', 5, 'Regina King', 'Tad Durham', 'Rylee Stein', 0),
('REUF', 0, '', '3mg', 0, 'j', 'klkkk', '', 0),
('Roanna Wooten', 0, 'Hedwig Francis', 'Herrod Gor', 8, 'Neville Carney', 'Chancellor Copeland', 'Latifah May', 0),
('Roary Cox', 0, 'Xenos O\'donnell', 'Denton Sno', 8, 'Mohammad Rose', 'Uta Hayes', 'Reece Crane', 0),
('Roary Livingston', 0, 'Neil Holden', 'Camilla Ro', 1, 'Jacob Todd', 'Karen Powers', 'Solomon Vasquez', 0),
('Ronan Crawford', 0, 'Brennan Hinton', 'Hyatt Anth', 7, 'Jeremy Conner', 'Quon Rivers', 'Alfonso Kemp', 0),
('Rooney Chen', 0, 'Graiden Benton', 'Sharon Joh', 4, 'Brittany Levine', 'Alan Herring', 'Calista Anderson', 0),
('Ross Owens', 0, 'Boris Spencer', 'Hamilton B', 3, 'Doris Blair', 'Chloe Finley', 'Boris Weber', 0),
('Ryan Love', 0, 'Riley Gay', 'Philip Mar', 1, 'Kirby Lyons', 'Harrison Jefferson', 'Erica Gallagher', 0),
('Ryder Everett', 0, 'Arsenio Wiley', 'Isaiah Kra', 8, 'Jarrod Walton', 'Dorothy Chavez', 'Burke Miranda', 0),
('Sacha Blake', 0, 'Cheryl Coleman', 'Warren Her', 5, 'Sopoline Roth', 'Hoyt Blackburn', 'Samantha Barrera', 0),
('Samson House', 0, 'Colt Combs', 'Orson John', 3, 'Kasper Hampton', 'Travis Whitehead', 'Wyoming Higgins', 0),
('Sandra Roberts', 0, 'Ali Jarvis', 'Ginger Til', 5, 'Kirby Tanner', 'Gareth Moore', 'Jonas Faulkner', 0),
('Sara Peters', 0, 'Griffith Mercer', 'Zenaida Mi', 2, 'Arthur Harvey', 'Juliet Spears', 'Jade Hess', 0),
('Sarah Underwood', 0, 'Felix Langley', 'Cally Elli', 2, 'Serena Roach', 'Ainsley Oneal', 'Vivien Owen', 0),
('Sarah Wong', 0, 'Reese Wood', 'Steven Bur', 1, 'Zia Strickland', 'Trevor Wynn', 'Alexander Roberts', 0),
('Scarlet Hernandez', 0, 'Yvette Bernard', 'Cecilia Al', 5, 'Freya House', 'Barry Sampson', 'Ciara Petty', 0),
('Scarlet Padilla', 0, 'Gil Johnson', 'Abdul Ford', 3, 'Minerva Bradshaw', 'Ainsley Gaines', 'Grant Aguirre', 0),
('Scarlett Phillips', 0, 'Noble Skinner', 'Yardley Mc', 10, 'Giselle Lawrence', 'Harlan Rush', 'Bianca Combs', 0),
('Scott Fry', 0, 'Sybill Valenzue', 'Aphrodite ', 4, 'Jared Wooten', 'Pamela Beck', 'Christian Forbes', 0),
('Scott George', 0, 'Kelsey Ortega', 'Jamalia At', 1, 'Hilda Garrett', 'Harriet Mathews', 'Cooper Bauer', 0),
('Scott Sutton', 0, 'Ann Dennis', 'Cody Woote', 4, 'Ivory Rivera', 'Hilary Lara', 'Mariko Holloway', 0),
('Scott Wilkinson', 0, 'Sonia Fernandez', 'Chancellor', 2, 'Colin Wall', 'Malachi Bennett', 'Ina Daniels', 0),
('Selma Evans', 0, 'Basia Hunter', 'Shelly Nas', 1, 'Xandra Crosby', 'Kyra Conrad', 'Leigh Todd', 0),
('September Shaw', 0, 'Josiah Haley', 'Helen Mira', 10, 'Bruno Winters', 'Medge Gilbert', 'Hermione Townsend', 0),
('Serina English', 0, 'Ronan Combs', 'Eric Cline', 5, 'Jacob Hawkins', 'Clayton Bullock', 'Uta Mccormick', 0),
('Shannon Castro', 0, 'Sylvester Vince', 'Benjamin Y', 9, 'Jamalia Austin', 'Jenette Rosa', 'Halee Hull', 0),
('Shannon Hart', 0, 'Orla Lucas', 'Lavinia Co', 2, 'Yasir Knapp', 'Kelly Nielsen', 'Mannix Guzman', 0),
('Shea Gillespie', 0, 'Karina Mills', 'Branden Wa', 1, 'Leandra Moreno', 'Ila Huff', 'Bree Berry', 0),
('Shelly Kemp', 0, 'Chava Tyler', 'Uta Mays', 5, 'Ryder Carlson', 'Lance Curry', 'Hanae Kennedy', 0),
('Shoshana Bird', 0, 'Griffith Anthon', 'Stewart Mi', 8, 'Mannix Rocha', 'Christopher Bishop', 'Aidan Battle', 0),
('Sierra Burch', 0, 'Samantha Heath', 'Daria Rand', 0, 'Riley Hubbard', 'Jeremy Swanson', 'Herrod Merrill', 0),
('Signe Huffman', 0, 'Latifah Harriso', 'Emi Englis', 4, 'Sonia Bray', 'Asher Campos', 'Noah Goodwin', 0),
('Skyler Sweet', 0, 'Tyler Kramer', 'Yeo West', 8, 'Ross Vasquez', 'Benjamin O\'connor', 'Alexa Vasquez', 0),
('Sonya Burnett', 0, 'Hyacinth Suarez', 'Dominic Nu', 0, 'Shea Acosta', 'Venus Spears', 'Axel Hopper', 0),
('Sonya Savage', 0, 'Wanda Maxwell', 'Lenore Kei', 1, 'Brynn Reese', 'Chancellor Chang', 'Inez Stout', 0),
('Stacey Curry', 0, 'Noble Key', 'Aidan Beac', 7, 'Dawn Rowe', 'Reagan Melton', 'Destiny Hensley', 0),
('Steel Golden', 0, 'Aquila Berry', 'Wang Weeks', 1, 'Igor Garza', 'Idona Navarro', 'Nathaniel Olsen', 0),
('Stella Byers', 0, 'Ferdinand Benso', 'Jescie Lan', 4, 'MacKensie Christense', 'Cameron Livingston', 'Yoko Mcfarland', 0),
('Stephanie Sanford', 0, 'James Bonner', 'Fulton Wil', 6, 'Isadora Farley', 'Barry Singleton', 'Harrison Hardin', 0),
('Stuart Sawyer', 0, 'Adria Paul', 'Indigo Mat', 4, 'Alfreda Kelley', 'Lydia Branch', 'Axel Dillon', 0),
('Sybil Ochoa', 0, 'Isaac Whitley', 'Palmer Sos', 2, 'Elaine Massey', 'Rylee Mcdaniel', 'Aladdin Olson', 0),
('Sylvia Fletcher', 0, 'Dean Whitehead', 'Daphne Hic', 6, 'Quail Schwartz', 'Gabriel Sherman', 'Malcolm Haley', 0),
('Tamekah Moon', 0, 'Winter Foreman', 'Germane Ma', 1, 'Karina Beach', 'Jelani Mack', 'Madison Velasquez', 0),
('Tana Richard', 0, 'Richard Larson', 'Branden Ch', 2, 'Keaton Ingram', 'Cody Mcfarland', 'Ali Cross', 0),
('Tanner Guerrero', 0, 'Dolan Riggs', 'Dante Fost', 4, 'Shaeleigh Wallace', 'Whitney Beck', 'Hu Beard', 0),
('Tarik Hendrix', 0, 'Jelani Guerrero', 'Megan Smit', 1, 'Tanisha Anthony', 'Charles Goodwin', 'Naomi Carlson', 0),
('Tarik Justice', 0, 'Branden Barrera', 'Yeo Parson', 3, 'Iris Roy', 'Gareth Hooper', 'Carter Bruce', 0),
('Tasha Vega', 0, 'Echo Freeman', 'Faith Carr', 10, 'Isabelle Robles', 'Quentin Jones', 'Winter Russell', 0),
('Tate Small', 0, 'Gretchen Lloyd', 'Channing M', 8, 'Janna Leon', 'Francis Church', 'Giacomo Finch', 0),
('Tatiana Austin', 0, 'Petra Buck', 'Luke Barre', 0, 'Cora Payne', 'Brianna Boyer', 'Hedley Santana', 0),
('Teagan Lewis', 0, 'Kieran Mercado', 'Nyssa Hunt', 10, 'Ian Cross', 'Damon Moody', 'Eagan Ramsey', 0),
('Teagan Mosley', 0, 'Rinah Le', 'Cade Bird', 1, 'Kiayada Maldonado', 'Candace Page', 'Belle Kim', 0),
('Thane Roman', 0, 'Faith Ayala', 'Prescott F', 1, 'Quyn Kaufman', 'Jenette Coleman', 'Xander Pena', 0),
('Thor Sweeney', 0, 'Cruz Castillo', 'Maisie Kel', 1, 'Drake Mcdonald', 'Allen Norman', 'Declan Hyde', 0),
('Tobias Brennan', 0, 'Kathleen Rodriq', 'Devin Meji', 8, 'Zephr Clayton', 'Clare Patrick', 'Maggie Rollins', 0),
('Troy Lang', 0, 'Wesley Reynolds', 'Basil Herr', 8, 'Amos Mendoza', 'David Welch', 'Basia Dunlap', 0),
('Tyler Harris', 0, 'Rachel Hahn', 'Vivien Fos', 1, 'Micah Bruce', 'Nero Gould', 'Jael Rose', 0),
('Uma Wise', 0, 'Scarlett Langle', 'Timon Gilb', 7, 'Desirae Holcomb', 'Azalia Bates', 'Axel Lancaster', 0),
('Ursula Harris', 0, 'Macy Morse', 'Dahlia Boo', 2, 'Celeste Neal', 'Tamara Salas', 'Vivian Whitaker', 0),
('Uta Martin', 0, 'Nomlanga Hodges', 'Allen Mark', 7, 'Quamar Olsen', 'Perry Bradshaw', 'Marvin Manning', 0),
('Vance Howe', 0, 'Quentin Greer', 'Kuame Bell', 5, 'Brielle Haynes', 'Julian Nguyen', 'Merrill Ayala', 0),
('Vaughan Sweeney', 0, 'Molly Sloan', 'Reece Lloy', 6, 'Justina Benjamin', 'Rooney Salazar', 'Aquila Molina', 0),
('Veda Todd', 0, 'Deborah Mcmahon', 'Daria Osbo', 10, 'Ronan Jarvis', 'Rae Watts', 'Ria Daniel', 0),
('Velma Kline', 0, 'Adam Schneider', 'Gregory Ch', 1, 'Mercedes Mendoza', 'Iona Kelly', 'Cairo Byrd', 0),
('Victor Ruiz', 0, 'Lane Howell', 'Florence O', 7, 'Imogene Moses', 'Brenda Mcmillan', 'Idola Rocha', 0),
('Victor Suarez', 0, 'Hermione Gaines', 'Ella Alber', 2, 'Winifred O\'Neill', 'Tamekah Mitchell', 'Cleo Kirby', 0),
('Vincent Watts', 0, 'Halee Hoffman', 'Sybil Sanf', 4, 'Jillian Brock', 'Preston Mcclure', 'Sigourney Torres', 0),
('Violet Olson', 0, 'Kareem Cotton', 'Kameko Wil', 7, 'Danielle Tillman', 'Sade Mcfarland', 'Lars Hooper', 0),
('Wade Witt', 0, 'Mona Hobbs', 'September ', 7, 'Alisa Buchanan', 'Reuben Barber', 'Raphael Frazier', 0),
('Wallace Mckinney', 0, 'Blossom Blevins', 'Rogan Faul', 9, 'Kay Phelps', 'Raja Stein', 'Kelly Hogan', 0),
('Wang Bates', 0, 'Lars Everett', 'Chanda Pop', 3, 'Thomas Mendez', 'Hadley Branch', 'Sheila Abbott', 0);
INSERT INTO `medicament` (`dci`, `prix_vente`, `forme`, `dosage`, `qte_seuil`, `groupe`, `libelle`, `image`, `qte_stock`) VALUES
('Warren Blackwell', 0, 'Wallace Hill', 'Nathaniel ', 1, 'Shana Beck', 'Francesca Pace', 'Hayes Foreman', 0),
('Warren Greene', 0, 'Ingrid Glenn', 'Darrel Gri', 5, 'Aurora Maxwell', 'Darius Riggs', 'Nayda Mathews', 0),
('Whilemina Bradford', 0, 'Brian Humphrey', 'Cathleen W', 8, 'Jemima Gross', 'Jacob Huber', 'Keane Gutierrez', 0),
('Whitney Wheeler', 0, 'Dana Faulkner', 'Jaquelyn L', 1, 'Alisa Dickson', 'Leo Cole', 'Fiona English', 0),
('Willa Barlow', 0, 'Kirsten Martine', 'Palmer Tur', 2, 'Carla Hess', 'Hashim Good', 'TaShya Owens', 0),
('Wing Boyd', 0, 'Sopoline Diaz', 'Harper Whi', 7, 'Brett Whitehead', 'Kessie Calderon', 'Daniel Mullins', 0),
('Wing Duran', 0, 'Brandon Moody', 'Benjamin L', 3, 'Malik Yang', 'Ian Spence', 'Jayme Albert', 0),
('Wing Romero', 0, 'Nolan Morton', 'Susan Mont', 3, 'Tanner Suarez', 'Rowan Cole', 'Kalia Clements', 0),
('Winifred Mccarthy', 0, 'Deirdre Strong', 'Kimberley ', 10, 'Madison Ward', 'Wing Mcguire', 'Dylan Gillespie', 0),
('Winter Blankenship', 0, 'Gil Ford', 'Sandra Rei', 6, 'Nissim Cochran', 'Phillip Byrd', 'Penelope Robinson', 0),
('Wylie Beach', 0, 'Alana Head', 'Sean Ross', 1, 'Marshall Everett', 'Mannix Pitts', 'Hop Mullen', 0),
('Wynne Ware', 0, 'Fritz Vasquez', 'Zachery Re', 9, 'Emi Foley', 'Noelle Hurst', 'Alvin Serrano', 0),
('Xander Saunders', 0, 'Jin Hardin', 'Brittany C', 1, 'Ella Silva', 'Wynne Riggs', 'Uriel Johnston', 0),
('Xantha Rivers', 0, 'Upton Petersen', 'Shea Cantu', 2, 'Darryl Willis', 'Cyrus Richmond', 'Plato Benjamin', 0),
('Xanthus Avila', 0, 'Brenda Reeves', 'Ulric Dots', 5, 'Shad Pearson', 'Lareina Warren', 'Kylan Schroeder', 0),
('Xanthus Walls', 0, 'Ciara Atkinson', 'Tucker Hin', 7, 'Moses Heath', 'Price Mcfadden', 'Geoffrey Velazquez', 0),
('Yardley Dean', 0, 'Thor Larsen', 'Lysandra M', 2, 'Cody Holland', 'Garrison Cain', 'Teagan Villarreal', 0),
('Yardley Duncan', 0, 'Jerry Robinson', 'Mara Daven', 6, 'Mercedes Lowe', 'Ria Walker', 'Todd Jordan', 0),
('Yen Caldwell', 0, 'Alfreda Bentley', 'Stuart Pen', 8, 'Ivor Mcclure', 'Branden Schwartz', 'Adam Thompson', 0),
('Yeo Holcomb', 0, 'Hayden Martinez', 'India Jenk', 1, 'Lawrence Bray', 'Brielle Deleon', 'Alisa Contreras', 0),
('Yoshi Marks', 0, 'Grant Stokes', 'Zenia Bear', 4, 'Beck Drake', 'Randall Simon', 'Jamal Mason', 0),
('Yoshio Gilliam', 0, 'Imogene Short', 'Wang Rhode', 5, 'Derek Sweet', 'Armand Perez', 'Mona Chavez', 0),
('Yvette York', 0, 'Clayton Sheppar', 'Luke Gould', 10, 'Holmes Harding', 'Violet Blankenship', 'Jonah Tyler', 0),
('Yvonne Sims', 0, 'Jeremy Cole', 'Nehru Vinc', 7, 'Jescie Garza', 'Stewart Kaufman', 'Urielle Knox', 0),
('Zachery Herman', 0, 'Constance Woodw', 'Wade Walte', 6, 'Carlos May', 'Caleb Reilly', 'Tanya Kinney', 0),
('Zahir Bolton', 0, 'Laith Dudley', 'Althea Adk', 5, 'Kareem Hood', 'Zelda Young', 'Reese Lindsay', 0),
('Zahir Valentine', 0, 'Madison Camacho', 'Tasha Wilk', 3, 'Bell Barron', 'Zeph Livingston', 'Adena Barr', 0),
('Zane Cross', 0, 'Charles Powell', 'India Barr', 6, 'Gary Key', 'Savannah Zimmerman', 'Jessamine Carey', 0),
('Zane Ewing', 0, 'Portia Riley', 'Moses Hard', 2, 'Wynter Ellis', 'Cathleen Bond', 'Jessamine Mcconnell', 0),
('Zane Prince', 0, 'Harrison Farley', 'Ima Simpso', 1, 'Nerea Fox', 'Blythe Blevins', 'Merritt Price', 0),
('Zelda Byers', 0, 'Courtney Buchan', 'Madeson Co', 6, 'Bradley Myers', 'Marcia Malone', 'Ebony Mcpherson', 0),
('Zeus Vazquez', 0, 'Remedios Burch', 'Leroy Mars', 4, 'Katelyn Solomon', 'Oliver Sargent', 'Trevor Valentine', 0),
('Zorita Middleton', 0, 'Graham Savage', 'Dorothy Mc', 8, 'Edan Gregory', 'Todd Ashley', 'Slade Bauer', 0);

-- --------------------------------------------------------

--
-- Table structure for table `utilisateur`
--

CREATE TABLE `utilisateur` (
  `username` varchar(255) NOT NULL,
  `pass` varchar(255) NOT NULL
) ENGINE=InnoDB DEFAULT CHARSET=utf8mb4;

--
-- Dumping data for table `utilisateur`
--

INSERT INTO `utilisateur` (`username`, `pass`) VALUES
('floriant', 'floflo');

--
-- Indexes for dumped tables
--

--
-- Indexes for table `fournisseur`
--
ALTER TABLE `fournisseur`
  ADD PRIMARY KEY (`id`);

--
-- Indexes for table `inventaire`
--
ALTER TABLE `inventaire`
  ADD KEY `dci` (`dci`,`dosage`),
  ADD KEY `numero_lot` (`numero_lot`);

--
-- Indexes for table `lot`
--
ALTER TABLE `lot`
  ADD PRIMARY KEY (`num`),
  ADD KEY `dci` (`dci`,`dosage`),
  ADD KEY `fournisseur` (`fournisseur`);

--
-- Indexes for table `medicament`
--
ALTER TABLE `medicament`
  ADD PRIMARY KEY (`dci`,`dosage`);

--
-- Indexes for table `utilisateur`
--
ALTER TABLE `utilisateur`
  ADD PRIMARY KEY (`username`,`pass`);

--
-- AUTO_INCREMENT for dumped tables
--

--
-- AUTO_INCREMENT for table `fournisseur`
--
ALTER TABLE `fournisseur`
  MODIFY `id` int(20) NOT NULL AUTO_INCREMENT, AUTO_INCREMENT=205;

--
-- AUTO_INCREMENT for table `lot`
--
ALTER TABLE `lot`
  MODIFY `num` bigint(70) NOT NULL AUTO_INCREMENT, AUTO_INCREMENT=22;

--
-- Constraints for dumped tables
--

--
-- Constraints for table `inventaire`
--
ALTER TABLE `inventaire`
  ADD CONSTRAINT `inventaire_ibfk_1` FOREIGN KEY (`dci`,`dosage`) REFERENCES `medicament` (`dci`, `dosage`),
  ADD CONSTRAINT `inventaire_ibfk_2` FOREIGN KEY (`numero_lot`) REFERENCES `lot` (`num`) ON DELETE CASCADE ON UPDATE CASCADE;

--
-- Constraints for table `lot`
--
ALTER TABLE `lot`
  ADD CONSTRAINT `lot_ibfk_1` FOREIGN KEY (`dci`,`dosage`) REFERENCES `medicament` (`dci`, `dosage`),
  ADD CONSTRAINT `lot_ibfk_2` FOREIGN KEY (`fournisseur`) REFERENCES `fournisseur` (`id`) ON DELETE CASCADE ON UPDATE CASCADE;
COMMIT;

/*!40101 SET CHARACTER_SET_CLIENT=@OLD_CHARACTER_SET_CLIENT */;
/*!40101 SET CHARACTER_SET_RESULTS=@OLD_CHARACTER_SET_RESULTS */;
/*!40101 SET COLLATION_CONNECTION=@OLD_COLLATION_CONNECTION */;
